{
    "fallback": "minecraft:empty",
    "elements": [
      {
        "weight": 9,
        "element": {
          "element_type": "minecraft:single_pool_element",
          "projection": "rigid",
          "location": "bistro:jungle/corridor/basic",
          "processors": "bistro:jungle/jungle_moss"
        }
      },
      {
        "weight": 3,
        "element": {
          "element_type": "minecraft:single_pool_element",
          "projection": "rigid",
          "location": "bistro:jungle/corridor/decorated",
          "processors": "bistro:jungle/jungle_moss"
        }
      },
      {
        "weight": 4,
        "element": {
          "element_type": "minecraft:single_pool_element",
          "projection": "rigid",
          "location": "bistro:jungle/corridor/spawner",
          "processors": "bistro:jungle/jungle_moss"
        }
      },
      {
        "weight": 2,
        "element": {
          "element_type": "minecraft:single_pool_element",
          "projection": "rigid",
          "location": "bistro:jungle/corridor/secret_door",
          "processors": "bistro:jungle/jungle_moss"
        }
      }
    ]
  }
  