{
    "fallback": "minecraft:empty",
    "elements": [
      {
        "weight": 5,
        "element": {
          "element_type": "minecraft:single_pool_element",
          "projection": "rigid",
          "location": "bistro:jungle/room/intersection/plain",
          "processors": "bistro:jungle/jungle_moss"
        }
      },
      {
        "weight": 2,
        "element": {
          "element_type": "minecraft:single_pool_element",
          "projection": "rigid",
          "location": "bistro:jungle/room/intersection/decorated",
          "processors": "bistro:jungle/jungle_moss"
        }
      },
      {
        "weight": 2,
        "element": {
          "element_type": "minecraft:single_pool_element",
          "projection": "rigid",
          "location": "bistro:jungle/room/intersection/silverfish",
          "processors": "bistro:jungle/silverfish"
        }
      },
      {
        "weight": 3,
        "element": {
          "element_type": "minecraft:single_pool_element",
          "projection": "rigid",
          "location": "bistro:jungle/room/intersection/tripwire",
          "processors": "bistro:jungle/tnt"
        }
      }
    ]
  }
  