{
    "fallback": "minecraft:empty",
    "elements": [
      {
        "weight": 5,
        "element": {
          "element_type": "minecraft:single_pool_element",
          "projection": "rigid",
          "location": "bistro:jungle/room/long_hall/bamboo_pit",
          "processors": "bistro:jungle/jungle_moss"
        }
      },
      {
        "weight": 6,
        "element": {
          "element_type": "minecraft:single_pool_element",
          "projection": "rigid",
          "location": "bistro:jungle/room/long_hall/dining_hall",
          "processors": "bistro:jungle/jungle_moss"
        }
      },
      {
        "weight": 3,
        "element": {
          "element_type": "minecraft:single_pool_element",
          "projection": "rigid",
          "location": "bistro:jungle/room/long_hall/prison",
          "processors": "bistro:jungle/jungle_moss"
        }
      },
      {
        "weight": 3,
        "element": {
          "element_type": "minecraft:single_pool_element",
          "projection": "rigid",
          "location": "bistro:jungle/room/long_hall/secret_door",
          "processors": "bistro:jungle/jungle_moss"
        }
      },
      {
        "weight": 2,
        "element": {
          "element_type": "minecraft:single_pool_element",
          "projection": "rigid",
          "location": "bistro:jungle/room/long_hall/sarcophagus",
          "processors": "bistro:jungle/jungle_moss"
        }
      }
    ]
  }
  