{
    "fallback": "minecraft:empty",
    "elements": [
      {
        "weight": 1,
        "element": {
          "element_type": "minecraft:single_pool_element",
          "projection": "rigid",
          "location": "bistro:jungle/room/short_hall/bamboo_pit",
          "processors": "bistro:jungle/jungle_moss"
        }
      },
      {
        "weight": 2,
        "element": {
          "element_type": "minecraft:single_pool_element",
          "projection": "rigid",
          "location": "bistro:jungle/room/short_hall/spawner",
          "processors": "bistro:jungle/jungle_moss"
        }
      },
      {
        "weight": 2,
        "element": {
          "element_type": "minecraft:single_pool_element",
          "projection": "rigid",
          "location": "bistro:jungle/room/short_hall/loot",
          "processors": "bistro:jungle/jungle_moss"
        }
      },
      {
        "weight": 3,
        "element": {
          "element_type": "minecraft:single_pool_element",
          "projection": "rigid",
          "location": "bistro:jungle/room/short_hall/vault",
          "processors": "bistro:jungle/jungle_moss"
        }
      },
      {
        "weight": 5,
        "element": {
          "element_type": "minecraft:single_pool_element",
          "projection": "rigid",
          "location": "bistro:jungle/room/short_hall/color_puzzle",
          "processors": "bistro:jungle/jungle_moss"
        }
      },
      {
        "weight": 4,
        "element": {
          "element_type": "minecraft:single_pool_element",
          "projection": "rigid",
          "location": "bistro:jungle/room/short_hall/crypt",
          "processors": "bistro:jungle/jungle_moss"
        }
      }
    ]
  }
  