{
    "fallback": "minecraft:empty",
    "elements": [
      {
        "weight": 3,
        "element": {
          "element_type": "minecraft:single_pool_element",
          "projection": "rigid",
          "location": "bistro:jungle/room/single_large/bamboo_pit",
          "processors": "bistro:jungle/jungle_moss"
        }
      },
      {
        "weight": 4,
        "element": {
          "element_type": "minecraft:single_pool_element",
          "projection": "rigid",
          "location": "bistro:jungle/room/single_large/fletcher",
          "processors": "bistro:jungle/jungle_moss"
        }
      },
      {
        "weight": 6,
        "element": {
          "element_type": "minecraft:single_pool_element",
          "projection": "rigid",
          "location": "bistro:jungle/room/single_large/silverfish",
          "processors": "bistro:jungle/silverfish"
        }
      },
      {
        "weight": 4,
        "element": {
          "element_type": "minecraft:single_pool_element",
          "projection": "rigid",
          "location": "bistro:jungle/room/single_large/slime",
          "processors": "bistro:jungle/jungle_moss"
        }
      },
      {
        "weight": 2,
        "element": {
          "element_type": "minecraft:single_pool_element",
          "projection": "rigid",
          "location": "bistro:jungle/room/single_large/tree",
          "processors": "bistro:jungle/jungle_moss"
        }
      }
    ]
  }
  