{
  "fallback": "minecraft:empty",
  "elements": [
    {
      "weight": 1,
      "element": {
        "element_type": "minecraft:single_pool_element",
        "projection": "rigid",
        "location": "bistro:jungle/jigsaws/small/t1_s1_v1",
        "processors": "bistro:jungle/jungle_moss"
      }
    },
    {
      "weight": 1,
      "element": {
        "element_type": "minecraft:single_pool_element",
        "projection": "rigid",
        "location": "bistro:jungle/jigsaws/small/t1_s1_v2",
        "processors": "bistro:jungle/jungle_moss"
      }
    },
    {
      "weight": 1,
      "element": {
        "element_type": "minecraft:single_pool_element",
        "projection": "rigid",
        "location": "bistro:jungle/jigsaws/small/t1_s1_v3",
        "processors": "bistro:jungle/jungle_moss"
      }
    },
    {
      "weight": 1,
      "element": {
        "element_type": "minecraft:single_pool_element",
        "projection": "rigid",
        "location": "bistro:jungle/jigsaws/medium/t1_s1_v1",
        "processors": "bistro:jungle/jungle_moss"
      }
    },
    {
      "weight": 1,
      "element": {
        "element_type": "minecraft:single_pool_element",
        "projection": "rigid",
        "location": "bistro:jungle/jigsaws/medium/t1_s1_v2",
        "processors": "bistro:jungle/jungle_moss"
      }
    },
    {
      "weight": 1,
      "element": {
        "element_type": "minecraft:single_pool_element",
        "projection": "rigid",
        "location": "bistro:jungle/jigsaws/medium/t1_s1_v3",
        "processors": "bistro:jungle/jungle_moss"
      }
    },
    {
      "weight": 1,
      "element": {
        "element_type": "minecraft:single_pool_element",
        "projection": "rigid",
        "location": "bistro:jungle/jigsaws/large/t1_s1_v1",
        "processors": "bistro:jungle/jungle_moss"
      }
    },
    {
      "weight": 1,
      "element": {
        "element_type": "minecraft:single_pool_element",
        "projection": "rigid",
        "location": "bistro:jungle/jigsaws/large/t1_s1_v2",
        "processors": "bistro:jungle/jungle_moss"
      }
    }
  ]
}
