{
    "pools": [
      {
        "rolls": 1,
        "entries": [
          {
            "type": "minecraft:item",
            "name": "minecraft:ominous_trial_key",
            "functions": [
              {
                "function": "minecraft:set_components",
                "components": {
                  "minecraft:custom_data": {
                    "bistro": [
                      {
                        "portal_key": true
                      }
                    ]
                  },
                  "minecraft:item_name": {"text":"Portal Frame Key"},
                  "minecraft:rarity": "rare",
                  "minecraft:enchantment_glint_override": true,
                  "damage_resistant": {
                    "types": "#bistro:can_destroy_items"
                  }
                }
              }
            ]
          }
        ]
      }
    ]
  }