{
    "fallback": "bistro:desert/portal",
    "elements": [
      {
        "weight": 11,
        "element": {
          "element_type": "minecraft:list_pool_element",
          "projection": "rigid",
          "elements": [
            {
              "element_type": "minecraft:single_pool_element",
              "projection": "rigid",
              "location": "bistro:desert/jigsaws/small/t1_s2_v1",
              "processors": "bistro:desert/desert_decay"
            },
            {
              "element_type": "minecraft:single_pool_element",
              "projection": "rigid",
              "location": "bistro:desert/complex/small",
              "processors": "bistro:desert/desert_decay"
            }
          ]
        }
      },
      {
        "weight": 11,
        "element": {
          "element_type": "minecraft:list_pool_element",
          "projection": "rigid",
          "elements": [
            {
              "element_type": "minecraft:single_pool_element",
              "projection": "rigid",
              "location": "bistro:desert/jigsaws/small/t1_s2_v2",
              "processors": "bistro:desert/desert_decay"
            },
            {
              "element_type": "minecraft:single_pool_element",
              "projection": "rigid",
              "location": "bistro:desert/complex/small",
              "processors": "bistro:desert/desert_decay"
            }
          ]
        }
      },
      {
        "weight": 11,
        "element": {
          "element_type": "minecraft:list_pool_element",
          "projection": "rigid",
          "elements": [
            {
              "element_type": "minecraft:single_pool_element",
              "projection": "rigid",
              "location": "bistro:desert/jigsaws/small/t1_s2_v3",
              "processors": "bistro:desert/desert_decay"
            },
            {
              "element_type": "minecraft:single_pool_element",
              "projection": "rigid",
              "location": "bistro:desert/complex/small",
              "processors": "bistro:desert/desert_decay"
            }
          ]
        }
      },
      {
        "weight": 14,
        "element": {
          "element_type": "minecraft:list_pool_element",
          "projection": "rigid",
          "elements": [
            {
              "element_type": "minecraft:single_pool_element",
              "projection": "rigid",
              "location": "bistro:desert/jigsaws/medium/t1_s2_v1",
              "processors": "bistro:desert/desert_decay"
            },
            {
              "element_type": "minecraft:single_pool_element",
              "projection": "rigid",
              "location": "bistro:desert/complex/medium",
              "processors": "bistro:desert/desert_decay"
            }
          ]
        }
      },
      {
        "weight": 14,
        "element": {
          "element_type": "minecraft:list_pool_element",
          "projection": "rigid",
          "elements": [
            {
              "element_type": "minecraft:single_pool_element",
              "projection": "rigid",
              "location": "bistro:desert/jigsaws/medium/t1_s2_v2",
              "processors": "bistro:desert/desert_decay"
            },
            {
              "element_type": "minecraft:single_pool_element",
              "projection": "rigid",
              "location": "bistro:desert/complex/medium",
              "processors": "bistro:desert/desert_decay"
            }
          ]
        }
      },
      {
        "weight": 18,
        "element": {
          "element_type": "minecraft:single_pool_element",
          "projection": "rigid",
          "location": "bistro:desert/complex/portal",
          "processors": "bistro:desert/desert_decay"
        }
      },
      {
        "weight": 2,
        "element": {
          "element_type": "minecraft:list_pool_element",
          "projection": "rigid",
          "elements": [
            {
              "element_type": "minecraft:single_pool_element",
              "projection": "rigid",
              "location": "bistro:desert/jigsaws/left_stair/t1_s2",
              "processors": "bistro:desert/desert_decay"
            },
            {
              "element_type": "minecraft:single_pool_element",
              "projection": "rigid",
              "location": "bistro:desert/corridor/downward_stair_left",
              "processors": "bistro:desert/desert_decay"
            }
          ]
        }
      },
      {
        "weight": 2,
        "element": {
          "element_type": "minecraft:list_pool_element",
          "projection": "rigid",
          "elements": [
            {
              "element_type": "minecraft:single_pool_element",
              "projection": "rigid",
              "location": "bistro:desert/jigsaws/right_stair/t1_s2",
              "processors": "bistro:desert/desert_decay"
            },
            {
              "element_type": "minecraft:single_pool_element",
              "projection": "rigid",
              "location": "bistro:desert/corridor/downward_stair_right",
              "processors": "bistro:desert/desert_decay"
            }
          ]
        }
      }
    ]
  }
  