{
    "fallback": "bistro:desert/portal",
    "elements": [
      {
        "weight": 3,
        "element": {
          "element_type": "minecraft:list_pool_element",
          "projection": "rigid",
          "elements": [
            {
              "element_type": "minecraft:single_pool_element",
              "projection": "rigid",
              "location": "bistro:desert/jigsaws/downward_stair/t1_s2",
              "processors": "bistro:desert/desert_decay"
            },
            {
              "element_type": "minecraft:single_pool_element",
              "projection": "rigid",
              "location": "bistro:desert/corridor/downward_stair",
              "processors": "bistro:desert/desert_decay"
            }
          ]
        }
      },
      {
        "weight": 1,
        "element": {
          "element_type": "minecraft:list_pool_element",
          "projection": "rigid",
          "elements": [
            {
              "element_type": "minecraft:single_pool_element",
              "projection": "rigid",
              "location": "bistro:desert/jigsaws/corridor/basic_t1_s2",
              "processors": "bistro:desert/desert_decay"
            },
            {
              "element_type": "minecraft:single_pool_element",
              "projection": "rigid",
              "location": "bistro:desert/corridor/basic",
              "processors": "bistro:desert/desert_decay"
            }
          ]
        }
      },
      {
        "weight": 1,
        "element": {
          "element_type": "minecraft:list_pool_element",
          "projection": "rigid",
          "elements": [
            {
              "element_type": "minecraft:single_pool_element",
              "projection": "rigid",
              "location": "bistro:desert/jigsaws/corridor/basic_t1_s2",
              "processors": "bistro:desert/desert_decay"
            },
            {
              "element_type": "minecraft:single_pool_element",
              "projection": "rigid",
              "location": "bistro:desert/corridor/lava",
              "processors": "bistro:desert/lava_hallway"
            }
          ]
        }
      },
      {
        "weight": 1,
        "element": {
          "element_type": "minecraft:list_pool_element",
          "projection": "rigid",
          "elements": [
            {
              "element_type": "minecraft:single_pool_element",
              "projection": "rigid",
              "location": "bistro:desert/jigsaws/corridor/basic_t1_s2",
              "processors": "bistro:desert/desert_decay"
            },
            {
              "element_type": "minecraft:single_pool_element",
              "projection": "rigid",
              "location": "bistro:desert/corridor/arrow",
              "processors": "bistro:desert/arrow_hallway"
            }
          ]
        }
      },
      {
        "weight": 1,
        "element": {
          "element_type": "minecraft:list_pool_element",
          "projection": "rigid",
          "elements": [
            {
              "element_type": "minecraft:single_pool_element",
              "projection": "rigid",
              "location": "bistro:desert/jigsaws/corridor/spawner_t1_s2",
              "processors": "bistro:desert/desert_decay"
            },
            {
              "element_type": "minecraft:single_pool_element",
              "projection": "rigid",
              "location": "bistro:desert/corridor/spawner",
              "processors": "bistro:desert/desert_decay"
            }
          ]
        }
      },
      {
        "weight": 1,
        "element": {
          "element_type": "minecraft:list_pool_element",
          "projection": "rigid",
          "elements": [
            {
              "element_type": "minecraft:single_pool_element",
              "projection": "rigid",
              "location": "bistro:desert/jigsaws/corridor/hieroglyphics_t1_s2",
              "processors": "bistro:desert/desert_decay"
            },
            {
              "element_type": "minecraft:single_pool_element",
              "projection": "rigid",
              "location": "bistro:desert/corridor/hieroglyphics",
              "processors": "bistro:desert/desert_decay"
            }
          ]
        }
      },
      {
        "weight": 11,
        "element": {
          "element_type": "minecraft:list_pool_element",
          "projection": "rigid",
          "elements": [
            {
              "element_type": "minecraft:single_pool_element",
              "projection": "rigid",
              "location": "bistro:desert/jigsaws/small/t1_s2_v1",
              "processors": "bistro:desert/desert_decay"
            },
            {
              "element_type": "minecraft:single_pool_element",
              "projection": "rigid",
              "location": "bistro:desert/complex/small",
              "processors": "bistro:desert/desert_decay"
            }
          ]
        }
      },
      {
        "weight": 11,
        "element": {
          "element_type": "minecraft:list_pool_element",
          "projection": "rigid",
          "elements": [
            {
              "element_type": "minecraft:single_pool_element",
              "projection": "rigid",
              "location": "bistro:desert/jigsaws/small/t1_s2_v2",
              "processors": "bistro:desert/desert_decay"
            },
            {
              "element_type": "minecraft:single_pool_element",
              "projection": "rigid",
              "location": "bistro:desert/complex/small",
              "processors": "bistro:desert/desert_decay"
            }
          ]
        }
      },
      {
        "weight": 11,
        "element": {
          "element_type": "minecraft:list_pool_element",
          "projection": "rigid",
          "elements": [
            {
              "element_type": "minecraft:single_pool_element",
              "projection": "rigid",
              "location": "bistro:desert/jigsaws/small/t1_s2_v3",
              "processors": "bistro:desert/desert_decay"
            },
            {
              "element_type": "minecraft:single_pool_element",
              "projection": "rigid",
              "location": "bistro:desert/complex/small",
              "processors": "bistro:desert/desert_decay"
            }
          ]
        }
      },
      {
        "weight": 14,
        "element": {
          "element_type": "minecraft:list_pool_element",
          "projection": "rigid",
          "elements": [
            {
              "element_type": "minecraft:single_pool_element",
              "projection": "rigid",
              "location": "bistro:desert/jigsaws/medium/t1_s2_v1",
              "processors": "bistro:desert/desert_decay"
            },
            {
              "element_type": "minecraft:single_pool_element",
              "projection": "rigid",
              "location": "bistro:desert/complex/medium",
              "processors": "bistro:desert/desert_decay"
            }
          ]
        }
      },
      {
        "weight": 14,
        "element": {
          "element_type": "minecraft:list_pool_element",
          "projection": "rigid",
          "elements": [
            {
              "element_type": "minecraft:single_pool_element",
              "projection": "rigid",
              "location": "bistro:desert/jigsaws/medium/t1_s2_v2",
              "processors": "bistro:desert/desert_decay"
            },
            {
              "element_type": "minecraft:single_pool_element",
              "projection": "rigid",
              "location": "bistro:desert/complex/medium",
              "processors": "bistro:desert/desert_decay"
            }
          ]
        }
      },
      {
        "weight": 9,
        "element": {
          "element_type": "minecraft:list_pool_element",
          "projection": "rigid",
          "elements": [
            {
              "element_type": "minecraft:single_pool_element",
              "projection": "rigid",
              "location": "bistro:desert/jigsaws/large/t1_s2_v1",
              "processors": "bistro:desert/desert_decay"
            },
            {
              "element_type": "minecraft:single_pool_element",
              "projection": "rigid",
              "location": "bistro:desert/complex/large",
              "processors": "bistro:desert/desert_decay"
            }
          ]
        }
      },
      {
        "weight": 9,
        "element": {
          "element_type": "minecraft:list_pool_element",
          "projection": "rigid",
          "elements": [
            {
              "element_type": "minecraft:single_pool_element",
              "projection": "rigid",
              "location": "bistro:desert/jigsaws/large/t1_s2_v2",
              "processors": "bistro:desert/desert_decay"
            },
            {
              "element_type": "minecraft:single_pool_element",
              "projection": "rigid",
              "location": "bistro:desert/complex/large",
              "processors": "bistro:desert/desert_decay"
            }
          ]
        }
      },
      {
        "weight": 50,
        "element": {
          "element_type": "minecraft:single_pool_element",
          "projection": "rigid",
          "location": "bistro:desert/complex/portal",
          "processors": "bistro:desert/desert_decay"
        }
      },
      {
        "weight": 2,
        "element": {
          "element_type": "minecraft:list_pool_element",
          "projection": "rigid",
          "elements": [
            {
              "element_type": "minecraft:single_pool_element",
              "projection": "rigid",
              "location": "bistro:desert/jigsaws/left_stair/t1_s2",
              "processors": "bistro:desert/desert_decay"
            },
            {
              "element_type": "minecraft:single_pool_element",
              "projection": "rigid",
              "location": "bistro:desert/corridor/downward_stair_left",
              "processors": "bistro:desert/desert_decay"
            }
          ]
        }
      },
      {
        "weight": 2,
        "element": {
          "element_type": "minecraft:list_pool_element",
          "projection": "rigid",
          "elements": [
            {
              "element_type": "minecraft:single_pool_element",
              "projection": "rigid",
              "location": "bistro:desert/jigsaws/right_stair/t1_s2",
              "processors": "bistro:desert/desert_decay"
            },
            {
              "element_type": "minecraft:single_pool_element",
              "projection": "rigid",
              "location": "bistro:desert/corridor/downward_stair_right",
              "processors": "bistro:desert/desert_decay"
            }
          ]
        }
      }
    ]
  }
  