{
    "pools": [
      {
        "rolls": 1,
        "entries": [
          {
            "type": "minecraft:item",
            "name": "minecraft:dispenser",
            "functions": [
              {
                "function": "minecraft:set_components",
                "components": {
                  "minecraft:item_name": {"text":"Flame Emitter"},
                  "minecraft:block_entity_data": {
                    "id": "minecraft:dispenser",
                    "CustomName": {"text":"Flame Emitter"}
                  },
                  "minecraft:custom_data": {
                    "bistro":{
                      "flame_emitter": true
                    }
                  }
                }
              }
            ]
          }
        ]
      }
    ]
  }