{
    "pools": [
      {
        "rolls": 1,
        "entries": [
          {
            "type": "minecraft:item",
            "name": "minecraft:chiseled_tuff",
            "functions": [
              {
                "function": "minecraft:set_components",
                "components": {
                  "minecraft:item_name": {"text":"Gas Emitter"},
                  "minecraft:custom_data": {
                    "bistro":{
                      "gas_emitter": true
                    }
                  }
                }
              }
            ]
          }
        ]
      }
    ]
  }