{
  "type": "minecraft:vault",
  "pools": [
    {
      "rolls": 1,
      "entries": [
        {
          "type": "minecraft:item",
          "name": "minecraft:ominous_bottle",
          "weight": 8
        },
        {
          "type": "minecraft:item",
          "name": "minecraft:trial_key",
          "weight": 20
        },
        {
          "type": "minecraft:item",
          "name": "minecraft:iron_ingot",
          "weight": 10,
          "functions": [
            {
              "function": "minecraft:set_count",
              "count": {
                "type": "minecraft:uniform",
                "min": 3,
                "max": 6
              },
              "add": false
            }
          ]
        },
        {
          "type": "minecraft:item",
          "name": "minecraft:ender_pearl",
          "weight": 5
        },
        {
          "type": "minecraft:item",
          "name": "minecraft:diamond",
          "weight": 3,
          "functions": [
            {
              "function": "minecraft:set_count",
              "count": {
                "type": "minecraft:uniform",
                "min": 1,
                "max": 3
              },
              "add": false
            }
          ]
        },
        {
          "type": "minecraft:item",
          "name": "minecraft:golden_carrot",
          "weight": 15,
          "functions": [
            {
              "function": "minecraft:set_count",
              "count": {
                "type": "minecraft:uniform",
                "min": 3,
                "max": 5
              },
              "add": false
            }
          ]
        },
        {
          "type": "minecraft:item",
          "name": "minecraft:apple",
          "weight": 15,
          "functions": [
            {
              "function": "minecraft:set_count",
              "count": {
                "type": "minecraft:uniform",
                "min": 3,
                "max": 5
              },
              "add": false
            }
          ]
        },
        {
          "type": "minecraft:item",
          "name": "minecraft:golden_apple"
        },
        {
          "type": "minecraft:item",
          "name": "minecraft:music_disc_otherside"
        },
        {
          "type": "minecraft:item",
          "name": "minecraft:book",
          "functions": [
            {
              "function": "minecraft:enchant_with_levels",
              "levels": 30,
              "options": "#minecraft:on_random_loot"
            }
          ]
        }
      ]
    }
  ]
}
