{
    "fallback": "bistro:desert/room",
    "elements": [
      {
        "weight": 7,
        "element": {
          "element_type": "minecraft:list_pool_element",
          "projection": "rigid",
          "elements": [
            {
              "element_type": "minecraft:single_pool_element",
              "projection": "rigid",
              "location": "bistro:desert/jigsaws/small/type_2",
              "processors": "bistro:desert/desert_decay"
            },
            {
              "element_type": "minecraft:single_pool_element",
              "projection": "rigid",
              "location": "bistro:desert/complex/small",
              "processors": "bistro:desert/desert_decay"
            }
          ]
        }
      },
      {
        "weight": 8,
        "element": {
          "element_type": "minecraft:list_pool_element",
          "projection": "rigid",
          "elements": [
            {
              "element_type": "minecraft:single_pool_element",
              "projection": "rigid",
              "location": "bistro:desert/jigsaws/medium/type_2",
              "processors": "bistro:desert/desert_decay"
            },
            {
              "element_type": "minecraft:single_pool_element",
              "projection": "rigid",
              "location": "bistro:desert/complex/medium",
              "processors": "bistro:desert/desert_decay"
            }
          ]
        }
      },
      {
        "weight": 5,
        "element": {
          "element_type": "minecraft:list_pool_element",
          "projection": "rigid",
          "elements": [
            {
              "element_type": "minecraft:single_pool_element",
              "projection": "rigid",
              "location": "bistro:desert/jigsaws/large/type_2",
              "processors": "bistro:desert/desert_decay"
            },
            {
              "element_type": "minecraft:single_pool_element",
              "projection": "rigid",
              "location": "bistro:desert/complex/large",
              "processors": "bistro:desert/desert_decay"
            }
          ]
        }
      }
    ]
  }
  