{
    "fallback": "bistro:desert/room",
    "elements": [
      {
        "weight": 4,
        "element": {
          "element_type": "minecraft:list_pool_element",
          "projection": "rigid",
          "elements": [
            {
              "element_type": "minecraft:single_pool_element",
              "projection": "rigid",
              "location": "bistro:desert/jigsaws/downward_stair/type_2",
              "processors": "bistro:desert/desert_decay"
            },
            {
              "element_type": "minecraft:single_pool_element",
              "projection": "rigid",
              "location": "bistro:desert/corridor/downward_stair",
              "processors": "bistro:desert/desert_decay"
            }
          ]
        }
      },
      {
        "weight": 1,
        "element": {
          "element_type": "minecraft:list_pool_element",
          "projection": "rigid",
          "elements": [
            {
              "element_type": "minecraft:single_pool_element",
              "projection": "rigid",
              "location": "bistro:desert/jigsaws/corridor/basic_type_2",
              "processors": "bistro:desert/desert_decay"
            },
            {
              "element_type": "minecraft:single_pool_element",
              "projection": "rigid",
              "location": "bistro:desert/corridor/basic",
              "processors": "bistro:desert/desert_decay"
            }
          ]
        }
      },
      {
        "weight": 1,
        "element": {
          "element_type": "minecraft:list_pool_element",
          "projection": "rigid",
          "elements": [
            {
              "element_type": "minecraft:single_pool_element",
              "projection": "rigid",
              "location": "bistro:desert/jigsaws/corridor/basic_type_2",
              "processors": "bistro:desert/desert_decay"
            },
            {
              "element_type": "minecraft:single_pool_element",
              "projection": "rigid",
              "location": "bistro:desert/corridor/lava",
              "processors": "bistro:desert/lava_hallway"
            }
          ]
        }
      },
      {
        "weight": 1,
        "element": {
          "element_type": "minecraft:list_pool_element",
          "projection": "rigid",
          "elements": [
            {
              "element_type": "minecraft:single_pool_element",
              "projection": "rigid",
              "location": "bistro:desert/jigsaws/corridor/basic_type_2",
              "processors": "bistro:desert/desert_decay"
            },
            {
              "element_type": "minecraft:single_pool_element",
              "projection": "rigid",
              "location": "bistro:desert/corridor/arrow",
              "processors": "bistro:desert/arrow_hallway"
            }
          ]
        }
      },
      {
        "weight": 1,
        "element": {
          "element_type": "minecraft:list_pool_element",
          "projection": "rigid",
          "elements": [
            {
              "element_type": "minecraft:single_pool_element",
              "projection": "rigid",
              "location": "bistro:desert/jigsaws/corridor/spawner_type_2",
              "processors": "bistro:desert/desert_decay"
            },
            {
              "element_type": "minecraft:single_pool_element",
              "projection": "rigid",
              "location": "bistro:desert/corridor/spawner",
              "processors": "bistro:desert/desert_decay"
            }
          ]
        }
      },
      {
        "weight": 1,
        "element": {
          "element_type": "minecraft:list_pool_element",
          "projection": "rigid",
          "elements": [
            {
              "element_type": "minecraft:single_pool_element",
              "projection": "rigid",
              "location": "bistro:desert/jigsaws/corridor/hieroglyphics_type_2",
              "processors": "bistro:desert/desert_decay"
            },
            {
              "element_type": "minecraft:single_pool_element",
              "projection": "rigid",
              "location": "bistro:desert/corridor/hieroglyphics",
              "processors": "bistro:desert/desert_decay"
            }
          ]
        }
      },
      {
        "weight": 30,
        "element": {
          "element_type": "minecraft:list_pool_element",
          "projection": "rigid",
          "elements": [
            {
              "element_type": "minecraft:single_pool_element",
              "projection": "rigid",
              "location": "bistro:desert/jigsaws/small/type_2",
              "processors": "bistro:desert/desert_decay"
            },
            {
              "element_type": "minecraft:single_pool_element",
              "projection": "rigid",
              "location": "bistro:desert/complex/small",
              "processors": "bistro:desert/desert_decay"
            }
          ]
        }
      },
      {
        "weight": 18,
        "element": {
          "element_type": "minecraft:list_pool_element",
          "projection": "rigid",
          "elements": [
            {
              "element_type": "minecraft:single_pool_element",
              "projection": "rigid",
              "location": "bistro:desert/jigsaws/medium/type_2",
              "processors": "bistro:desert/desert_decay"
            },
            {
              "element_type": "minecraft:single_pool_element",
              "projection": "rigid",
              "location": "bistro:desert/complex/medium",
              "processors": "bistro:desert/desert_decay"
            }
          ]
        }
      },
      {
        "weight": 28,
        "element": {
          "element_type": "minecraft:list_pool_element",
          "projection": "rigid",
          "elements": [
            {
              "element_type": "minecraft:single_pool_element",
              "projection": "rigid",
              "location": "bistro:desert/jigsaws/large/type_2",
              "processors": "bistro:desert/desert_decay"
            },
            {
              "element_type": "minecraft:single_pool_element",
              "projection": "rigid",
              "location": "bistro:desert/complex/large",
              "processors": "bistro:desert/desert_decay"
            }
          ]
        }
      }
    ]
  }
  