{
  "model": {
    "type": "select",
    "property": "custom_model_data",
    "fallback": {
      "type": "model",
      "model": "item/ender_eye"
    },
    "cases": [
      {"when": "hsj:amber_eye", "model": {"type": "model", "model": "hsj:item/amber_eye"}},
      {"when": "hsj:eldritch_eye", "model": {"type": "model", "model": "hsj:item/eldritch_eye"}},
      {"when": "hsj:aquatic_eye", "model": {"type": "model", "model": "hsj:item/aquatic_eye"}},
      {"when": "hsj:ominous_eye", "model": {"type": "model", "model": "hsj:item/ominous_eye"}},
      {"when": "hsj:archaic_eye", "model": {"type": "model", "model": "hsj:item/archaic_eye"}},
      {"when": "hsj:beastmasters_eye", "model": {"type": "model", "model": "hsj:item/beastmasters_eye"}},
      {"when": "hsj:opulent_eye", "model": {"type": "model", "model": "hsj:item/opulent_eye"}},
      {"when": "hsj:golden_eye", "model": {"type": "model", "model": "hsj:item/golden_eye"}},
      {"when": "hsj:entombed_eye", "model": {"type": "model", "model": "hsj:item/entombed_eye"}},
      {"when": "hsj:curious_eye", "model": {"type": "model", "model": "hsj:item/curious_eye"}},
      {"when": "hsj:bound_eye", "model": {"type": "model", "model": "hsj:item/bound_eye"}},
      {"when": "hsj:withered_eye", "model": {"type": "model", "model": "hsj:item/withered_eye"}},
      {"when": "hsj:elder_eye", "model": {"type": "model", "model": "hsj:item/elder_eye"}},
      {"when": "hsj:spellbound_eye", "model": {"type": "model", "model": "hsj:item/spellbound_eye"}},
      {"when": "hsj:queens_eye", "model": {"type": "model", "model": "hsj:item/queens_eye"}},
      {"when": "hsj:forged_eye", "model": {"type": "model", "model": "hsj:item/forged_eye"}}
    ]
  }
}