{
  "fallback": "bistro:ocean/room",
  "elements": [
    {
      "weight": 33,
      "element": {
        "element_type": "minecraft:list_pool_element",
        "projection": "rigid",
        "elements": [
          {
            "element_type": "minecraft:single_pool_element",
            "projection": "rigid",
            "location": "bistro:ocean/jigsaws/small/type_2",
            "processors": "bistro:ocean/flooded"
          },
          {
            "element_type": "minecraft:single_pool_element",
            "projection": "rigid",
            "location": "bistro:ocean/complex/small",
            "override_liquid_settings": "apply_waterlogging",
            "processors": "minecraft:empty"
          }
        ]
      }
    },
    {
      "weight": 42,
      "element": {
        "element_type": "minecraft:list_pool_element",
        "projection": "rigid",
        "elements": [
          {
            "element_type": "minecraft:single_pool_element",
            "projection": "rigid",
            "location": "bistro:ocean/jigsaws/medium/type_2",
            "processors": "bistro:ocean/flooded"
          },
          {
            "element_type": "minecraft:single_pool_element",
            "projection": "rigid",
            "location": "bistro:ocean/complex/medium",
            "override_liquid_settings": "apply_waterlogging",
            "processors": "minecraft:empty"
          }
        ]
      }
    },
    {
      "weight": 28,
      "element": {
        "element_type": "minecraft:list_pool_element",
        "projection": "rigid",
        "elements": [
          {
            "element_type": "minecraft:single_pool_element",
            "projection": "rigid",
            "location": "bistro:ocean/jigsaws/large/type_2",
            "processors": "bistro:ocean/flooded"
          },
          {
            "element_type": "minecraft:single_pool_element",
            "projection": "rigid",
            "location": "bistro:ocean/complex/large",
            "override_liquid_settings": "apply_waterlogging",
            "processors": "minecraft:empty"
          }
        ]
      }
    },
    {
      "weight": 1,
      "element": {
        "element_type": "minecraft:list_pool_element",
        "projection": "rigid",
        "elements": [
          {
            "element_type": "minecraft:single_pool_element",
            "projection": "rigid",
            "location": "bistro:ocean/jigsaws/left_stair/type_2",
            "processors": "minecraft:empty"
          },
          {
            "element_type": "minecraft:single_pool_element",
            "projection": "rigid",
            "location": "bistro:ocean/corridor/downward_stair_left",
            "processors": "minecraft:empty"
          }
        ]
      }
    },
    {
      "weight": 1,
      "element": {
        "element_type": "minecraft:list_pool_element",
        "projection": "rigid",
        "elements": [
          {
            "element_type": "minecraft:single_pool_element",
            "projection": "rigid",
            "location": "bistro:ocean/jigsaws/flooded/left_stair/type_2",
            "processors": "bistro:ocean/flooded"
          },
          {
            "element_type": "minecraft:single_pool_element",
            "projection": "rigid",
            "location": "bistro:ocean/corridor/downward_stair_left",
            "override_liquid_settings": "apply_waterlogging",
            "processors": "minecraft:empty"
          }
        ]
      }
    },
    {
      "weight": 1,
      "element": {
        "element_type": "minecraft:list_pool_element",
        "projection": "rigid",
        "elements": [
          {
            "element_type": "minecraft:single_pool_element",
            "projection": "rigid",
            "location": "bistro:ocean/jigsaws/right_stair/type_2",
            "processors": "minecraft:empty"
          },
          {
            "element_type": "minecraft:single_pool_element",
            "projection": "rigid",
            "location": "bistro:ocean/corridor/downward_stair_right",
            "processors": "minecraft:empty"
          }
        ]
      }
    },
    {
      "weight": 1,
      "element": {
        "element_type": "minecraft:list_pool_element",
        "projection": "rigid",
        "elements": [
          {
            "element_type": "minecraft:single_pool_element",
            "projection": "rigid",
            "location": "bistro:ocean/jigsaws/flooded/right_stair/type_2",
            "processors": "bistro:ocean/flooded"
          },
          {
            "element_type": "minecraft:single_pool_element",
            "projection": "rigid",
            "location": "bistro:ocean/corridor/downward_stair_right",
            "override_liquid_settings": "apply_waterlogging",
            "processors": "minecraft:empty"
          }
        ]
      }
    },
    {
      "weight": 1,
      "element": {
        "element_type": "minecraft:list_pool_element",
        "projection": "rigid",
        "elements": [
          {
            "element_type": "minecraft:single_pool_element",
            "projection": "rigid",
            "location": "bistro:ocean/jigsaws/tunnel/type_2",
            "processors": "bistro:ocean/flooded"
          },
          {
            "element_type": "minecraft:single_pool_element",
            "projection": "rigid",
            "location": "bistro:ocean/corridor/downward_tunnel",
            "override_liquid_settings": "apply_waterlogging",
            "processors": "minecraft:empty"
          }
        ]
      }
    },
    {
      "weight": 1,
      "element": {
        "element_type": "minecraft:list_pool_element",
        "projection": "rigid",
        "elements": [
          {
            "element_type": "minecraft:single_pool_element",
            "projection": "rigid",
            "location": "bistro:ocean/jigsaws/tunnel_room/type_2",
            "processors": "bistro:ocean/flooded"
          },
          {
            "element_type": "minecraft:single_pool_element",
            "projection": "rigid",
            "location": "bistro:ocean/corridor/downward_tunnel_room",
            "override_liquid_settings": "apply_waterlogging",
            "processors": "minecraft:empty"
          }
        ]
      }
    },
    {
      "weight": 1,
      "element": {
        "element_type": "minecraft:list_pool_element",
        "projection": "rigid",
        "elements": [
          {
            "element_type": "minecraft:single_pool_element",
            "projection": "rigid",
            "location": "bistro:ocean/jigsaws/flooded/tunnel_room/type_2",
            "processors": "bistro:ocean/flooded"
          },
          {
            "element_type": "minecraft:single_pool_element",
            "projection": "rigid",
            "location": "bistro:ocean/corridor/downward_tunnel_room",
            "override_liquid_settings": "apply_waterlogging",
            "processors": "minecraft:empty"
          }
        ]
      }
    }
  ]
}
