{
  "type": "minecraft:crafting_shaped",
  "category": "misc",
  "pattern": [
    " a ",
    "teg",
    " r "
  ],
  "key": {
    "a": [
      "minecraft:armadillo_scute"
    ],
    "t": [
      "minecraft:turtle_scute"
    ],
    "e": [
      "minecraft:ender_eye"
    ],
    "g": [
      "minecraft:goat_horn"
    ],
    "r": [
      "minecraft:rabbit_hide"
    ]
  },
  "result": {
    "id": "minecraft:ender_eye",
    "count": 1,
    "components": {
      "minecraft:custom_name": ["",{"translate":"hsj:beastmasters","fallback":"Beastmaster's Eye","italic":false}],
      "minecraft:custom_model_data": {"strings":["hsj:beastmasters_eye"]},
      "minecraft:custom_data": {"hsj_eye":true,"smithed":{"ignore":{"functionality":true,"crafting":true}},"hsj_beastmasters":true},
      "minecraft:rarity": "epic"
    }
  }
}