{
    "processors": [
      {
        "processor_type": "minecraft:rule",
        "rules": [
          {
            "location_predicate": {
              "predicate_type": "minecraft:always_true"
            },
            "input_predicate": {
              "predicate_type": "minecraft:block_match",
              "block": "minecraft:red_wool"
            },
            "output_state": {
              "Name": "minecraft:tnt"
            }
          }
        ]
      },
      {
        "processor_type": "minecraft:rule",
        "rules": [
          {
            "location_predicate": {
              "predicate_type": "minecraft:always_true"
            },
            "input_predicate": {
              "predicate_type": "minecraft:random_block_match",
              "block": "minecraft:mossy_cobblestone",
              "probability": 0.45
            },
            "output_state": {
              "Name": "minecraft:cobblestone"
            }
          },
          {
            "location_predicate": {
              "predicate_type": "minecraft:always_true"
            },
            "input_predicate": {
              "predicate_type": "minecraft:random_block_match",
              "block": "minecraft:vine",
              "probability": 0.35
            },
            "output_state": {
              "Name": "minecraft:air"
            }
          }
        ]
      }
    ]
  }
  