{
    "fallback": "minecraft:empty",
    "elements": [
      {
        "weight": 9,
        "element": {
          "element_type": "minecraft:empty_pool_element"
        }
      },
      {
        "weight": 3,
        "element": {
          "element_type": "minecraft:single_pool_element",
          "projection": "rigid",
          "location": "bistro:jungle/spawner/bogged",
          "processors": "minecraft:empty"
        }
      },
      {
        "weight": 3,
        "element": {
          "element_type": "minecraft:single_pool_element",
          "projection": "rigid",
          "location": "bistro:jungle/spawner/creeper",
          "processors": "minecraft:empty"
        }
      },
      {
        "weight": 3,
        "element": {
          "element_type": "minecraft:single_pool_element",
          "projection": "rigid",
          "location": "bistro:jungle/spawner/skeleton",
          "processors": "minecraft:empty"
        }
      }
    ]
  }
  