{
  "fallback": "minecraft:empty",
  "elements": [
    {
      "weight": 12,
      "element": {
        "element_type": "minecraft:empty_pool_element"
      }
    },
    {
      "weight": 2,
      "element": {
        "element_type": "minecraft:single_pool_element",
        "projection": "rigid",
        "location": "bistro:jungle/trap/dispensers",
        "processors": "minecraft:empty"
      }
    },
    {
      "weight": 4,
      "element": {
        "element_type": "minecraft:single_pool_element",
        "projection": "rigid",
        "location": "bistro:jungle/trap/flames",
        "processors": "minecraft:empty"
      }
    },
    {
      "weight": 3,
      "element": {
        "element_type": "minecraft:single_pool_element",
        "projection": "rigid",
        "location": "bistro:jungle/trap/gas",
        "processors": "minecraft:empty"
      }
    }
  ]
}
