{
  "fallback": "minecraft:empty",
  "elements": [
    {
      "weight": 65,
      "element": {
        "element_type": "minecraft:single_pool_element",
        "projection": "rigid",
        "location": "bistro:ocean/complex/portal",
        "override_liquid_settings": "apply_waterlogging",
        "processors": "bistro:ocean/end_portal"
      }
    },
    {
      "weight": 45,
      "element": {
        "element_type": "minecraft:single_pool_element",
        "projection": "rigid",
        "location": "bistro:ocean/room/portal",
        "override_liquid_settings": "apply_waterlogging",
        "processors": "bistro:ocean/end_portal"
      }
    },
    {
      "weight": 1,
      "element": {
        "element_type": "minecraft:list_pool_element",
        "projection": "rigid",
        "elements": [
          {
            "element_type": "minecraft:single_pool_element",
            "projection": "rigid",
            "location": "bistro:ocean/jigsaws/left_stair/t1_s3",
            "processors": "minecraft:empty"
          },
          {
            "element_type": "minecraft:single_pool_element",
            "projection": "rigid",
            "location": "bistro:ocean/corridor/downward_stair_left",
            "processors": "minecraft:empty"
          }
        ]
      }
    },
    {
      "weight": 1,
      "element": {
        "element_type": "minecraft:list_pool_element",
        "projection": "rigid",
        "elements": [
          {
            "element_type": "minecraft:single_pool_element",
            "projection": "rigid",
            "location": "bistro:ocean/jigsaws/flooded/left_stair/t1_s3",
            "processors": "bistro:ocean/flooded"
          },
          {
            "element_type": "minecraft:single_pool_element",
            "projection": "rigid",
            "location": "bistro:ocean/corridor/downward_stair_left",
            "override_liquid_settings": "apply_waterlogging",
            "processors": "minecraft:empty"
          }
        ]
      }
    },
    {
      "weight": 1,
      "element": {
        "element_type": "minecraft:list_pool_element",
        "projection": "rigid",
        "elements": [
          {
            "element_type": "minecraft:single_pool_element",
            "projection": "rigid",
            "location": "bistro:ocean/jigsaws/right_stair/t1_s3",
            "processors": "minecraft:empty"
          },
          {
            "element_type": "minecraft:single_pool_element",
            "projection": "rigid",
            "location": "bistro:ocean/corridor/downward_stair_right",
            "processors": "minecraft:empty"
          }
        ]
      }
    },
    {
      "weight": 1,
      "element": {
        "element_type": "minecraft:list_pool_element",
        "projection": "rigid",
        "elements": [
          {
            "element_type": "minecraft:single_pool_element",
            "projection": "rigid",
            "location": "bistro:ocean/jigsaws/flooded/right_stair/t1_s3",
            "processors": "bistro:ocean/flooded"
          },
          {
            "element_type": "minecraft:single_pool_element",
            "projection": "rigid",
            "location": "bistro:ocean/corridor/downward_stair_right",
            "override_liquid_settings": "apply_waterlogging",
            "processors": "minecraft:empty"
          }
        ]
      }
    },
    {
      "weight": 1,
      "element": {
        "element_type": "minecraft:list_pool_element",
        "projection": "rigid",
        "elements": [
          {
            "element_type": "minecraft:single_pool_element",
            "projection": "rigid",
            "location": "bistro:ocean/jigsaws/tunnel/t1_s3",
            "processors": "bistro:ocean/flooded"
          },
          {
            "element_type": "minecraft:single_pool_element",
            "projection": "rigid",
            "location": "bistro:ocean/corridor/downward_tunnel",
            "override_liquid_settings": "apply_waterlogging",
            "processors": "minecraft:empty"
          }
        ]
      }
    },
    {
      "weight": 1,
      "element": {
        "element_type": "minecraft:list_pool_element",
        "projection": "rigid",
        "elements": [
          {
            "element_type": "minecraft:single_pool_element",
            "projection": "rigid",
            "location": "bistro:ocean/jigsaws/tunnel_room/t1_s3",
            "processors": "bistro:ocean/flooded"
          },
          {
            "element_type": "minecraft:single_pool_element",
            "projection": "rigid",
            "location": "bistro:ocean/corridor/downward_tunnel_room",
            "override_liquid_settings": "apply_waterlogging",
            "processors": "minecraft:empty"
          }
        ]
      }
    },
    {
      "weight": 1,
      "element": {
        "element_type": "minecraft:list_pool_element",
        "projection": "rigid",
        "elements": [
          {
            "element_type": "minecraft:single_pool_element",
            "projection": "rigid",
            "location": "bistro:ocean/jigsaws/flooded/tunnel_room/t1_s3",
            "processors": "bistro:ocean/flooded"
          },
          {
            "element_type": "minecraft:single_pool_element",
            "projection": "rigid",
            "location": "bistro:ocean/corridor/downward_tunnel_room",
            "override_liquid_settings": "apply_waterlogging",
            "processors": "minecraft:empty"
          }
        ]
      }
    }
  ]
}