{
    "fallback": "bistro:ocean/fallback",
    "elements": [
      {
        "weight": 1,
        "element": {
          "element_type": "minecraft:single_pool_element",
          "projection": "rigid",
          "location": "bistro:ocean/doorway",
          "processors": "minecraft:empty"
        }
      },
      {
        "weight": 1,
        "element": {
          "element_type": "minecraft:single_pool_element",
          "projection": "rigid",
          "location": "bistro:ocean/floor",
          "processors": "minecraft:empty"
        }
      },
      {
        "weight": 1,
        "element": {
          "element_type": "minecraft:single_pool_element",
          "projection": "rigid",
          "location": "bistro:ocean/doorway_flooded",
          "processors": "minecraft:empty"
        }
      },
      {
        "weight": 1,
        "element": {
          "element_type": "minecraft:single_pool_element",
          "projection": "rigid",
          "location": "bistro:ocean/floor_flooded",
          "processors": "minecraft:empty"
        }
      },
      {
        "weight": 1,
        "element": {
          "element_type": "minecraft:single_pool_element",
          "projection": "rigid",
          "location": "bistro:ocean/room/gold_cube",
          "processors": "bistro:ocean/flooded"
        }
      },
      {
        "weight": 2,
        "element": {
          "element_type": "minecraft:single_pool_element",
          "projection": "rigid",
          "location": "bistro:ocean/room/elder_chamber",
          "processors": "bistro:ocean/flooded"
        }
      },
      {
        "weight": 1,
        "element": {
          "element_type": "minecraft:list_pool_element",
          "projection": "rigid",
          "elements": [
            {
              "element_type": "minecraft:single_pool_element",
              "projection": "rigid",
              "location": "bistro:ocean/jigsaws/room/treasure",
              "processors": "minecraft:empty"
            },
            {
              "element_type": "minecraft:single_pool_element",
              "projection": "rigid",
              "location": "bistro:ocean/room/treasure",
              "override_liquid_settings": "apply_waterlogging",
              "processors": "minecraft:empty"
            }
          ]
        }
      },
      {
        "weight": 1,
        "element": {
          "element_type": "minecraft:list_pool_element",
          "projection": "rigid",
          "elements": [
            {
              "element_type": "minecraft:single_pool_element",
              "projection": "rigid",
              "location": "bistro:ocean/jigsaws/room/treasure_flooded",
              "processors": "bistro:ocean/flooded"
            },
            {
              "element_type": "minecraft:single_pool_element",
              "projection": "rigid",
              "location": "bistro:ocean/room/treasure",
              "override_liquid_settings": "apply_waterlogging",
              "processors": "minecraft:empty"
            }
          ]
        }
      },
      {
        "weight": 2,
        "element": {
          "element_type": "minecraft:single_pool_element",
          "projection": "rigid",
          "location": "bistro:ocean/room/sleeping_quarters",
          "processors": "minecraft:empty"
        }
      },
      {
        "weight": 3,
        "element": {
          "element_type": "minecraft:single_pool_element",
          "projection": "rigid",
          "location": "bistro:ocean/room/ship",
          "processors": "bistro:ocean/flooded"
        }
      },
      {
        "weight": 2,
        "element": {
          "element_type": "minecraft:list_pool_element",
          "projection": "rigid",
          "elements": [
            {
              "element_type": "minecraft:single_pool_element",
              "projection": "rigid",
              "location": "bistro:ocean/room/internal/gold",
              "processors": "minecraft:empty"
            },
            {
              "element_type": "minecraft:single_pool_element",
              "projection": "rigid",
              "location": "bistro:ocean/room/13x7x11",
              "processors": "minecraft:empty"
            }
          ]
        }
      },
      {
        "weight": 2,
        "element": {
          "element_type": "minecraft:list_pool_element",
          "projection": "rigid",
          "elements": [
            {
              "element_type": "minecraft:single_pool_element",
              "projection": "rigid",
              "location": "bistro:ocean/room/internal/gold_flooded",
              "processors": "bistro:ocean/flooded"
            },
            {
              "element_type": "minecraft:single_pool_element",
              "projection": "rigid",
              "location": "bistro:ocean/room/13x7x11",
              "override_liquid_settings": "apply_waterlogging",
              "processors": "bistro:ocean/air_replace"
            }
          ]
        }
      },
      {
        "weight": 5,
        "element": {
          "element_type": "minecraft:list_pool_element",
          "projection": "rigid",
          "elements": [
            {
              "element_type": "minecraft:single_pool_element",
              "projection": "rigid",
              "location": "bistro:ocean/room/internal/pillar",
              "processors": "minecraft:empty"
            },
            {
              "element_type": "minecraft:single_pool_element",
              "projection": "rigid",
              "location": "bistro:ocean/room/13x7x11",
              "processors": "minecraft:empty"
            }
          ]
        }
      },
      {
        "weight": 5,
        "element": {
          "element_type": "minecraft:list_pool_element",
          "projection": "rigid",
          "elements": [
            {
              "element_type": "minecraft:single_pool_element",
              "projection": "rigid",
              "location": "bistro:ocean/room/internal/pillar_flooded",
              "processors": "bistro:ocean/flooded"
            },
            {
              "element_type": "minecraft:single_pool_element",
              "projection": "rigid",
              "location": "bistro:ocean/room/13x7x11",
              "override_liquid_settings": "apply_waterlogging",
              "processors": "bistro:ocean/air_replace"
            }
          ]
        }
      },
      {
        "weight": 4,
        "element": {
          "element_type": "minecraft:list_pool_element",
          "projection": "rigid",
          "elements": [
            {
              "element_type": "minecraft:single_pool_element",
              "projection": "rigid",
              "location": "bistro:ocean/room/internal/sand",
              "processors": "minecraft:empty"
            },
            {
              "element_type": "minecraft:single_pool_element",
              "projection": "rigid",
              "location": "bistro:ocean/room/13x7x11",
              "processors": "minecraft:empty"
            }
          ]
        }
      },
      {
        "weight": 4,
        "element": {
          "element_type": "minecraft:list_pool_element",
          "projection": "rigid",
          "elements": [
            {
              "element_type": "minecraft:single_pool_element",
              "projection": "rigid",
              "location": "bistro:ocean/room/internal/sand_flooded",
              "processors": "bistro:ocean/flooded"
            },
            {
              "element_type": "minecraft:single_pool_element",
              "projection": "rigid",
              "location": "bistro:ocean/room/13x7x11",
              "override_liquid_settings": "apply_waterlogging",
              "processors": "bistro:ocean/air_replace"
            }
          ]
        }
      },
      {
        "weight": 3,
        "element": {
          "element_type": "minecraft:list_pool_element",
          "projection": "rigid",
          "elements": [
            {
              "element_type": "minecraft:single_pool_element",
              "projection": "rigid",
              "location": "bistro:ocean/room/internal/reactor",
              "processors": "bistro:ocean/reactor"
            },
            {
              "element_type": "minecraft:single_pool_element",
              "projection": "rigid",
              "location": "bistro:ocean/room/13x7x11",
              "processors": "minecraft:empty"
            }
          ]
        }
      },
      {
        "weight": 3,
        "element": {
          "element_type": "minecraft:list_pool_element",
          "projection": "rigid",
          "elements": [
            {
              "element_type": "minecraft:single_pool_element",
              "projection": "rigid",
              "location": "bistro:ocean/room/internal/reactor_flooded",
              "processors": "bistro:ocean/reactor"
            },
            {
              "element_type": "minecraft:single_pool_element",
              "projection": "rigid",
              "location": "bistro:ocean/room/13x7x11",
              "override_liquid_settings": "apply_waterlogging",
              "processors": "bistro:ocean/air_replace"
            }
          ]
        }
      },
      {
        "weight": 2,
        "element": {
          "element_type": "minecraft:list_pool_element",
          "projection": "rigid",
          "elements": [
            {
              "element_type": "minecraft:single_pool_element",
              "projection": "rigid",
              "location": "bistro:ocean/room/internal/ice",
              "processors": "minecraft:empty"
            },
            {
              "element_type": "minecraft:single_pool_element",
              "projection": "rigid",
              "location": "bistro:ocean/room/11x9x13",
              "processors": "minecraft:empty"
            }
          ]
        }
      },
      {
        "weight": 2,
        "element": {
          "element_type": "minecraft:list_pool_element",
          "projection": "rigid",
          "elements": [
            {
              "element_type": "minecraft:single_pool_element",
              "projection": "rigid",
              "location": "bistro:ocean/room/internal/ice_flooded",
              "processors": "bistro:ocean/flooded"
            },
            {
              "element_type": "minecraft:single_pool_element",
              "projection": "rigid",
              "location": "bistro:ocean/room/11x9x13",
              "override_liquid_settings": "apply_waterlogging",
              "processors": "bistro:ocean/air_replace"
            }
          ]
        }
      },
      {
        "weight": 5,
        "element": {
          "element_type": "minecraft:list_pool_element",
          "projection": "rigid",
          "elements": [
            {
              "element_type": "minecraft:single_pool_element",
              "projection": "rigid",
              "location": "bistro:ocean/room/internal/platform",
              "processors": "minecraft:empty"
            },
            {
              "element_type": "minecraft:single_pool_element",
              "projection": "rigid",
              "location": "bistro:ocean/room/11x9x13",
              "processors": "minecraft:empty"
            }
          ]
        }
      },
      {
        "weight": 5,
        "element": {
          "element_type": "minecraft:list_pool_element",
          "projection": "rigid",
          "elements": [
            {
              "element_type": "minecraft:single_pool_element",
              "projection": "rigid",
              "location": "bistro:ocean/room/internal/platform_flooded",
              "processors": "bistro:ocean/flooded"
            },
            {
              "element_type": "minecraft:single_pool_element",
              "projection": "rigid",
              "location": "bistro:ocean/room/11x9x13",
              "override_liquid_settings": "apply_waterlogging",
              "processors": "bistro:ocean/air_replace"
            }
          ]
        }
      },
      {
        "weight": 4,
        "element": {
          "element_type": "minecraft:list_pool_element",
          "projection": "rigid",
          "elements": [
            {
              "element_type": "minecraft:single_pool_element",
              "projection": "rigid",
              "location": "bistro:ocean/room/internal/burial",
              "processors": "minecraft:empty"
            },
            {
              "element_type": "minecraft:single_pool_element",
              "projection": "rigid",
              "location": "bistro:ocean/room/11x9x13",
              "processors": "minecraft:empty"
            }
          ]
        }
      },
      {
        "weight": 4,
        "element": {
          "element_type": "minecraft:list_pool_element",
          "projection": "rigid",
          "elements": [
            {
              "element_type": "minecraft:single_pool_element",
              "projection": "rigid",
              "location": "bistro:ocean/room/internal/burial_flooded",
              "processors": "bistro:ocean/flooded"
            },
            {
              "element_type": "minecraft:single_pool_element",
              "projection": "rigid",
              "location": "bistro:ocean/room/11x9x13",
              "override_liquid_settings": "apply_waterlogging",
              "processors": "bistro:ocean/air_replace"
            }
          ]
        }
      },
      {
        "weight": 3,
        "element": {
          "element_type": "minecraft:list_pool_element",
          "projection": "rigid",
          "elements": [
            {
              "element_type": "minecraft:single_pool_element",
              "projection": "rigid",
              "location": "bistro:ocean/room/internal/huge_vault",
              "processors": "minecraft:empty"
            },
            {
              "element_type": "minecraft:single_pool_element",
              "projection": "rigid",
              "location": "bistro:ocean/room/11x9x13",
              "processors": "minecraft:empty"
            }
          ]
        }
      },
      {
        "weight": 3,
        "element": {
          "element_type": "minecraft:list_pool_element",
          "projection": "rigid",
          "elements": [
            {
              "element_type": "minecraft:single_pool_element",
              "projection": "rigid",
              "location": "bistro:ocean/room/internal/huge_vault_flooded",
              "processors": "bistro:ocean/flooded"
            },
            {
              "element_type": "minecraft:single_pool_element",
              "projection": "rigid",
              "location": "bistro:ocean/room/11x9x13",
              "override_liquid_settings": "apply_waterlogging",
              "processors": "bistro:ocean/air_replace"
            }
          ]
        }
      },
      {
        "weight": 3,
        "element": {
          "element_type": "minecraft:list_pool_element",
          "projection": "rigid",
          "elements": [
            {
              "element_type": "minecraft:single_pool_element",
              "projection": "rigid",
              "location": "bistro:ocean/room/internal/spawner",
              "processors": "minecraft:empty"
            },
            {
              "element_type": "minecraft:single_pool_element",
              "projection": "rigid",
              "location": "bistro:ocean/room/7x5x7",
              "processors": "minecraft:empty"
            }
          ]
        }
      },
      {
        "weight": 2,
        "element": {
          "element_type": "minecraft:list_pool_element",
          "projection": "rigid",
          "elements": [
            {
              "element_type": "minecraft:single_pool_element",
              "projection": "rigid",
              "location": "bistro:ocean/room/internal/spawner",
              "processors": "minecraft:empty"
            },
            {
              "element_type": "minecraft:single_pool_element",
              "projection": "rigid",
              "location": "bistro:ocean/room/7x5x7",
              "processors": "minecraft:empty"
            }
          ]
        }
      },
      {
        "weight": 2,
        "element": {
          "element_type": "minecraft:list_pool_element",
          "projection": "rigid",
          "elements": [
            {
              "element_type": "minecraft:single_pool_element",
              "projection": "rigid",
              "location": "bistro:ocean/room/internal/sponge_flooded",
              "processors": "bistro:ocean/sponge"
            },
            {
              "element_type": "minecraft:single_pool_element",
              "projection": "rigid",
              "location": "bistro:ocean/room/7x5x7",
              "override_liquid_settings": "apply_waterlogging",
              "processors": "bistro:ocean/air_replace"
            }
          ]
        }
      },
      {
        "weight": 2,
        "element": {
          "element_type": "minecraft:list_pool_element",
          "projection": "rigid",
          "elements": [
            {
              "element_type": "minecraft:single_pool_element",
              "projection": "rigid",
              "location": "bistro:ocean/room/internal/sponge_flooded",
              "processors": "bistro:ocean/sponge"
            },
            {
              "element_type": "minecraft:single_pool_element",
              "projection": "rigid",
              "location": "bistro:ocean/room/7x5x7_pillars",
              "override_liquid_settings": "apply_waterlogging",
              "processors": "bistro:ocean/air_replace"
            }
          ]
        }
      },
      {
        "weight": 2,
        "element": {
          "element_type": "minecraft:list_pool_element",
          "projection": "rigid",
          "elements": [
            {
              "element_type": "minecraft:single_pool_element",
              "projection": "rigid",
              "location": "bistro:ocean/room/internal/loot",
              "processors": "minecraft:empty"
            },
            {
              "element_type": "minecraft:single_pool_element",
              "projection": "rigid",
              "location": "bistro:ocean/room/7x5x7",
              "processors": "minecraft:empty"
            }
          ]
        }
      },
      {
        "weight": 2,
        "element": {
          "element_type": "minecraft:list_pool_element",
          "projection": "rigid",
          "elements": [
            {
              "element_type": "minecraft:single_pool_element",
              "projection": "rigid",
              "location": "bistro:ocean/room/internal/loot",
              "processors": "minecraft:empty"
            },
            {
              "element_type": "minecraft:single_pool_element",
              "projection": "rigid",
              "location": "bistro:ocean/room/7x5x7_pillars",
              "processors": "minecraft:empty"
            }
          ]
        }
      },
      {
        "weight": 3,
        "element": {
          "element_type": "minecraft:list_pool_element",
          "projection": "rigid",
          "elements": [
            {
              "element_type": "minecraft:single_pool_element",
              "projection": "rigid",
              "location": "bistro:ocean/room/internal/coral_flooded",
              "processors": "bistro:ocean/coral"
            },
            {
              "element_type": "minecraft:single_pool_element",
              "projection": "rigid",
              "location": "bistro:ocean/room/7x5x7",
              "override_liquid_settings": "apply_waterlogging",
              "processors": "bistro:ocean/air_replace"
            }
          ]
        }
      },
      {
        "weight": 2,
        "element": {
          "element_type": "minecraft:list_pool_element",
          "projection": "rigid",
          "elements": [
            {
              "element_type": "minecraft:single_pool_element",
              "projection": "rigid",
              "location": "bistro:ocean/room/internal/coral_flooded",
              "processors": "bistro:ocean/coral"
            },
            {
              "element_type": "minecraft:single_pool_element",
              "projection": "rigid",
              "location": "bistro:ocean/room/7x5x7_pillars",
              "override_liquid_settings": "apply_waterlogging",
              "processors": "bistro:ocean/air_replace"
            }
          ]
        }
      },
      {
        "weight": 2,
        "element": {
          "element_type": "minecraft:list_pool_element",
          "projection": "rigid",
          "elements": [
            {
              "element_type": "minecraft:single_pool_element",
              "projection": "rigid",
              "location": "bistro:ocean/room/internal/vault",
              "processors": "minecraft:empty"
            },
            {
              "element_type": "minecraft:single_pool_element",
              "projection": "rigid",
              "location": "bistro:ocean/room/7x5x7",
              "processors": "minecraft:empty"
            }
          ]
        }
      },
      {
        "weight": 2,
        "element": {
          "element_type": "minecraft:list_pool_element",
          "projection": "rigid",
          "elements": [
            {
              "element_type": "minecraft:single_pool_element",
              "projection": "rigid",
              "location": "bistro:ocean/room/internal/vault",
              "processors": "minecraft:empty"
            },
            {
              "element_type": "minecraft:single_pool_element",
              "projection": "rigid",
              "location": "bistro:ocean/room/7x5x7_pillars",
              "processors": "minecraft:empty"
            }
          ]
        }
      },
      {
        "weight": 2,
        "element": {
          "element_type": "minecraft:list_pool_element",
          "projection": "rigid",
          "elements": [
            {
              "element_type": "minecraft:single_pool_element",
              "projection": "rigid",
              "location": "bistro:ocean/room/internal/vault_flooded",
              "processors": "bistro:ocean/flooded"
            },
            {
              "element_type": "minecraft:single_pool_element",
              "projection": "rigid",
              "location": "bistro:ocean/room/7x5x7",
              "override_liquid_settings": "apply_waterlogging",
              "processors": "bistro:ocean/air_replace"
            }
          ]
        }
      },
      {
        "weight": 2,
        "element": {
          "element_type": "minecraft:list_pool_element",
          "projection": "rigid",
          "elements": [
            {
              "element_type": "minecraft:single_pool_element",
              "projection": "rigid",
              "location": "bistro:ocean/room/internal/vault_flooded",
              "processors": "bistro:ocean/flooded"
            },
            {
              "element_type": "minecraft:single_pool_element",
              "projection": "rigid",
              "location": "bistro:ocean/room/7x5x7_pillars",
              "override_liquid_settings": "apply_waterlogging",
              "processors": "bistro:ocean/air_replace"
            }
          ]
        }
      },
      {
        "weight": 1,
        "element": {
          "element_type": "minecraft:list_pool_element",
          "projection": "rigid",
          "elements": [
            {
              "element_type": "minecraft:single_pool_element",
              "projection": "rigid",
              "location": "bistro:ocean/room/internal/vault_ominous",
              "processors": "minecraft:empty"
            },
            {
              "element_type": "minecraft:single_pool_element",
              "projection": "rigid",
              "location": "bistro:ocean/room/7x5x7",
              "processors": "minecraft:empty"
            }
          ]
        }
      },
      {
        "weight": 1,
        "element": {
          "element_type": "minecraft:list_pool_element",
          "projection": "rigid",
          "elements": [
            {
              "element_type": "minecraft:single_pool_element",
              "projection": "rigid",
              "location": "bistro:ocean/room/internal/vault_ominous",
              "processors": "minecraft:empty"
            },
            {
              "element_type": "minecraft:single_pool_element",
              "projection": "rigid",
              "location": "bistro:ocean/room/7x5x7_pillars",
              "processors": "minecraft:empty"
            }
          ]
        }
      },
      {
        "weight": 1,
        "element": {
          "element_type": "minecraft:list_pool_element",
          "projection": "rigid",
          "elements": [
            {
              "element_type": "minecraft:single_pool_element",
              "projection": "rigid",
              "location": "bistro:ocean/room/internal/vault_ominous_flooded",
              "processors": "bistro:ocean/flooded"
            },
            {
              "element_type": "minecraft:single_pool_element",
              "projection": "rigid",
              "location": "bistro:ocean/room/7x5x7",
              "override_liquid_settings": "apply_waterlogging",
              "processors": "bistro:ocean/air_replace"
            }
          ]
        }
      },
      {
        "weight": 1,
        "element": {
          "element_type": "minecraft:list_pool_element",
          "projection": "rigid",
          "elements": [
            {
              "element_type": "minecraft:single_pool_element",
              "projection": "rigid",
              "location": "bistro:ocean/room/internal/vault_ominous_flooded",
              "processors": "bistro:ocean/flooded"
            },
            {
              "element_type": "minecraft:single_pool_element",
              "projection": "rigid",
              "location": "bistro:ocean/room/7x5x7_pillars",
              "override_liquid_settings": "apply_waterlogging",
              "processors": "bistro:ocean/air_replace"
            }
          ]
        }
      },
      {
        "weight": 2,
        "element": {
          "element_type": "minecraft:list_pool_element",
          "projection": "rigid",
          "elements": [
            {
              "element_type": "minecraft:single_pool_element",
              "projection": "rigid",
              "location": "bistro:ocean/room/internal/conduit",
              "processors": "minecraft:empty"
            },
            {
              "element_type": "minecraft:single_pool_element",
              "projection": "rigid",
              "location": "bistro:ocean/room/9x5x9",
              "processors": "minecraft:empty"
            }
          ]
        }
      },
      {
        "weight": 2,
        "element": {
          "element_type": "minecraft:list_pool_element",
          "projection": "rigid",
          "elements": [
            {
              "element_type": "minecraft:single_pool_element",
              "projection": "rigid",
              "location": "bistro:ocean/room/internal/conduit",
              "processors": "minecraft:empty"
            },
            {
              "element_type": "minecraft:single_pool_element",
              "projection": "rigid",
              "location": "bistro:ocean/room/9x5x9_walls",
              "processors": "minecraft:empty"
            }
          ]
        }
      },
      {
        "weight": 2,
        "element": {
          "element_type": "minecraft:list_pool_element",
          "projection": "rigid",
          "elements": [
            {
              "element_type": "minecraft:single_pool_element",
              "projection": "rigid",
              "location": "bistro:ocean/room/internal/conduit_flooded",
              "processors": "bistro:ocean/flooded"
            },
            {
              "element_type": "minecraft:single_pool_element",
              "projection": "rigid",
              "location": "bistro:ocean/room/9x5x9",
              "override_liquid_settings": "apply_waterlogging",
              "processors": "bistro:ocean/air_replace"
            }
          ]
        }
      },
      {
        "weight": 2,
        "element": {
          "element_type": "minecraft:list_pool_element",
          "projection": "rigid",
          "elements": [
            {
              "element_type": "minecraft:single_pool_element",
              "projection": "rigid",
              "location": "bistro:ocean/room/internal/conduit_flooded",
              "processors": "bistro:ocean/flooded"
            },
            {
              "element_type": "minecraft:single_pool_element",
              "projection": "rigid",
              "location": "bistro:ocean/room/9x5x9_walls",
              "override_liquid_settings": "apply_waterlogging",
              "processors": "bistro:ocean/air_replace"
            }
          ]
        }
      },
      {
        "weight": 3,
        "element": {
          "element_type": "minecraft:list_pool_element",
          "projection": "rigid",
          "elements": [
            {
              "element_type": "minecraft:single_pool_element",
              "projection": "rigid",
              "location": "bistro:ocean/room/internal/soul",
              "processors": "minecraft:empty"
            },
            {
              "element_type": "minecraft:single_pool_element",
              "projection": "rigid",
              "location": "bistro:ocean/room/9x5x9",
              "processors": "minecraft:empty"
            }
          ]
        }
      },
      {
        "weight": 2,
        "element": {
          "element_type": "minecraft:list_pool_element",
          "projection": "rigid",
          "elements": [
            {
              "element_type": "minecraft:single_pool_element",
              "projection": "rigid",
              "location": "bistro:ocean/room/internal/soul",
              "processors": "minecraft:empty"
            },
            {
              "element_type": "minecraft:single_pool_element",
              "projection": "rigid",
              "location": "bistro:ocean/room/9x5x9_walls",
              "processors": "minecraft:empty"
            }
          ]
        }
      },
      {
        "weight": 3,
        "element": {
          "element_type": "minecraft:list_pool_element",
          "projection": "rigid",
          "elements": [
            {
              "element_type": "minecraft:single_pool_element",
              "projection": "rigid",
              "location": "bistro:ocean/room/internal/soul_flooded",
              "processors": "bistro:ocean/flooded"
            },
            {
              "element_type": "minecraft:single_pool_element",
              "projection": "rigid",
              "location": "bistro:ocean/room/9x5x9",
              "override_liquid_settings": "apply_waterlogging",
              "processors": "bistro:ocean/air_replace"
            }
          ]
        }
      },
      {
        "weight": 2,
        "element": {
          "element_type": "minecraft:list_pool_element",
          "projection": "rigid",
          "elements": [
            {
              "element_type": "minecraft:single_pool_element",
              "projection": "rigid",
              "location": "bistro:ocean/room/internal/soul_flooded",
              "processors": "bistro:ocean/flooded"
            },
            {
              "element_type": "minecraft:single_pool_element",
              "projection": "rigid",
              "location": "bistro:ocean/room/9x5x9_walls",
              "override_liquid_settings": "apply_waterlogging",
              "processors": "bistro:ocean/air_replace"
            }
          ]
        }
      },
      {
        "weight": 1,
        "element": {
          "element_type": "minecraft:list_pool_element",
          "projection": "rigid",
          "elements": [
            {
              "element_type": "minecraft:single_pool_element",
              "projection": "rigid",
              "location": "bistro:ocean/room/internal/amethyst",
              "processors": "minecraft:empty"
            },
            {
              "element_type": "minecraft:single_pool_element",
              "projection": "rigid",
              "location": "bistro:ocean/room/9x5x9",
              "processors": "bistro:ocean/amethyst"
            }
          ]
        }
      },
      {
        "weight": 1,
        "element": {
          "element_type": "minecraft:list_pool_element",
          "projection": "rigid",
          "elements": [
            {
              "element_type": "minecraft:single_pool_element",
              "projection": "rigid",
              "location": "bistro:ocean/room/internal/amethyst",
              "processors": "bistro:ocean/amethyst"
            },
            {
              "element_type": "minecraft:single_pool_element",
              "projection": "rigid",
              "location": "bistro:ocean/room/9x5x9_walls",
              "processors": "minecraft:empty"
            }
          ]
        }
      },
      {
        "weight": 1,
        "element": {
          "element_type": "minecraft:list_pool_element",
          "projection": "rigid",
          "elements": [
            {
              "element_type": "minecraft:single_pool_element",
              "projection": "rigid",
              "location": "bistro:ocean/room/internal/amethyst_flooded",
              "processors": "bistro:ocean/flooded"
            },
            {
              "element_type": "minecraft:single_pool_element",
              "projection": "rigid",
              "location": "bistro:ocean/room/9x5x9",
              "override_liquid_settings": "apply_waterlogging",
              "processors": "bistro:ocean/air_replace"
            }
          ]
        }
      },
      {
        "weight": 1,
        "element": {
          "element_type": "minecraft:list_pool_element",
          "projection": "rigid",
          "elements": [
            {
              "element_type": "minecraft:single_pool_element",
              "projection": "rigid",
              "location": "bistro:ocean/room/internal/amethyst_flooded",
              "processors": "bistro:ocean/flooded"
            },
            {
              "element_type": "minecraft:single_pool_element",
              "projection": "rigid",
              "location": "bistro:ocean/room/9x5x9_walls",
              "override_liquid_settings": "apply_waterlogging",
              "processors": "bistro:ocean/air_replace"
            }
          ]
        }
      },
      {
        "weight": 1,
        "element": {
          "element_type": "minecraft:list_pool_element",
          "projection": "rigid",
          "elements": [
            {
              "element_type": "minecraft:single_pool_element",
              "projection": "rigid",
              "location": "bistro:ocean/room/internal/bars",
              "processors": "minecraft:empty"
            },
            {
              "element_type": "minecraft:single_pool_element",
              "projection": "rigid",
              "location": "bistro:ocean/room/9x5x9",
              "processors": "minecraft:empty"
            }
          ]
        }
      },
      {
        "weight": 2,
        "element": {
          "element_type": "minecraft:list_pool_element",
          "projection": "rigid",
          "elements": [
            {
              "element_type": "minecraft:single_pool_element",
              "projection": "rigid",
              "location": "bistro:ocean/room/internal/bars",
              "processors": "minecraft:empty"
            },
            {
              "element_type": "minecraft:single_pool_element",
              "projection": "rigid",
              "location": "bistro:ocean/room/9x5x9_walls",
              "processors": "minecraft:empty"
            }
          ]
        }
      },
      {
        "weight": 1,
        "element": {
          "element_type": "minecraft:list_pool_element",
          "projection": "rigid",
          "elements": [
            {
              "element_type": "minecraft:single_pool_element",
              "projection": "rigid",
              "location": "bistro:ocean/room/internal/bars_flooded",
              "processors": "bistro:ocean/flooded"
            },
            {
              "element_type": "minecraft:single_pool_element",
              "projection": "rigid",
              "location": "bistro:ocean/room/9x5x9",
              "override_liquid_settings": "apply_waterlogging",
              "processors": "bistro:ocean/air_replace"
            }
          ]
        }
      },
      {
        "weight": 2,
        "element": {
          "element_type": "minecraft:list_pool_element",
          "projection": "rigid",
          "elements": [
            {
              "element_type": "minecraft:single_pool_element",
              "projection": "rigid",
              "location": "bistro:ocean/room/internal/bars_flooded",
              "processors": "bistro:ocean/flooded"
            },
            {
              "element_type": "minecraft:single_pool_element",
              "projection": "rigid",
              "location": "bistro:ocean/room/9x5x9_walls",
              "override_liquid_settings": "apply_waterlogging",
              "processors": "bistro:ocean/air_replace"
            }
          ]
        }
      }
    ]
  }
  