{
  "fallback": "minecraft:empty",
  "elements": [
    {
      "weight": 10,
      "element": {
        "element_type": "minecraft:empty_pool_element"
      }
    },
    {
      "weight": 6,
      "element": {
        "element_type": "minecraft:single_pool_element",
        "projection": "rigid",
        "location": "bistro:ocean/spawner/drowned",
        "override_liquid_settings": "apply_waterlogging",
        "processors": "minecraft:empty"
      }
    },
    {
      "weight": 4,
      "element": {
        "element_type": "minecraft:single_pool_element",
        "projection": "rigid",
        "location": "bistro:ocean/spawner/guardian",
        "override_liquid_settings": "apply_waterlogging",
        "processors": "minecraft:empty"
      }
    },
    {
      "weight": 3,
      "element": {
        "element_type": "minecraft:single_pool_element",
        "projection": "rigid",
        "location": "bistro:ocean/spawner/praetor",
        "override_liquid_settings": "apply_waterlogging",
        "processors": "minecraft:empty"
      }
    }
  ]
}
