{
  "fallback": "minecraft:empty",
  "elements": [
    {
      "weight": 4,
      "element": {
        "element_type": "minecraft:single_pool_element",
        "projection": "rigid",
        "location": "bistro:ocean/spawner/elder",
        "override_liquid_settings": "apply_waterlogging",
        "processors": "minecraft:empty"
      }
    },
    {
      "weight": 1,
      "element": {
        "element_type": "minecraft:single_pool_element",
        "projection": "rigid",
        "location": "bistro:ocean/spawner/drowned_strong",
        "override_liquid_settings": "apply_waterlogging",
        "processors": "minecraft:empty"
      }
    }
  ]
}
