{
  "fallback": "bistro:ice/room",
  "elements": [
    {
      "weight": 2,
      "element": {
        "element_type": "minecraft:list_pool_element",
        "projection": "rigid",
        "elements": [
          {
            "element_type": "minecraft:single_pool_element",
            "projection": "rigid",
            "location": "bistro:ice/jigsaws/downward_stair/type_2",
            "processors": "bistro:ice/ice_decay"
          },
          {
            "element_type": "minecraft:single_pool_element",
            "projection": "rigid",
            "location": "bistro:ice/corridor/downward_stair",
            "processors": "bistro:ice/ice_decay"
          }
        ]
      }
    },
    {
      "weight": 8,
      "element": {
        "element_type": "minecraft:single_pool_element",
        "projection": "rigid",
        "location": "bistro:ice/jigsaws/corridor/basic_type_2",
        "processors": "bistro:ice/ice_decay"
      }
    }
  ]
}
