{
  "fallback": "bistro:ice/room",
  "elements": [
    {
      "weight": 18,
      "element": {
        "element_type": "minecraft:list_pool_element",
        "projection": "rigid",
        "elements": [
          {
            "element_type": "minecraft:single_pool_element",
            "projection": "rigid",
            "location": "bistro:ice/jigsaws/ice_cave/type_2",
            "processors": "bistro:ice/ice_cave"
          },
          {
            "element_type": "minecraft:single_pool_element",
            "projection": "rigid",
            "location": "bistro:ice/complex/ice_cave",
            "processors": "bistro:ice/ice_cave"
          }
        ]
      }
    },
    {
      "weight": 8,
      "element": {
        "element_type": "minecraft:list_pool_element",
        "projection": "rigid",
        "elements": [
          {
            "element_type": "minecraft:single_pool_element",
            "projection": "rigid",
            "location": "bistro:ice/jigsaws/great_hall/type_2",
            "processors": "bistro:ice/ice_decay"
          },
          {
            "element_type": "minecraft:single_pool_element",
            "projection": "rigid",
            "location": "bistro:ice/complex/great_hall",
            "processors": "bistro:ice/ice_decay"
          }
        ]
      }
    },
    {
      "weight": 11,
      "element": {
        "element_type": "minecraft:list_pool_element",
        "projection": "rigid",
        "elements": [
          {
            "element_type": "minecraft:single_pool_element",
            "projection": "rigid",
            "location": "bistro:ice/jigsaws/garden/type_2",
            "processors": "bistro:ice/ice_decay"
          },
          {
            "element_type": "minecraft:single_pool_element",
            "projection": "rigid",
            "location": "bistro:ice/complex/garden",
            "processors": "bistro:ice/ice_decay"
          }
        ]
      }
    },
    {
      "weight": 14,
      "element": {
        "element_type": "minecraft:list_pool_element",
        "projection": "rigid",
        "elements": [
          {
            "element_type": "minecraft:single_pool_element",
            "projection": "rigid",
            "location": "bistro:ice/jigsaws/catacombs/type_2",
            "processors": "bistro:ice/ice_decay"
          },
          {
            "element_type": "minecraft:single_pool_element",
            "projection": "rigid",
            "location": "bistro:ice/complex/catacombs",
            "processors": "bistro:ice/ice_decay"
          }
        ]
      }
    }
  ]
}