{
    "pools": [
      {
        "rolls": 1,
        "entries": [
          {
            "type": "minecraft:item",
            "name": "minecraft:arrow",
            "functions": [
              {
                "function": "minecraft:set_count",
                "count": {
                  "min": 3,
                  "max": 6
                }
              }
            ]
          }
        ]
      },
      {
        "rolls": 1,
        "entries": [
          {
            "type": "minecraft:item",
            "name": "minecraft:splash_potion",
            "functions": [
              {
                "function": "minecraft:set_potion",
                "id": "minecraft:harming"
              }
            ]
          },
          {
            "type": "minecraft:item",
            "name": "minecraft:splash_potion",
            "functions": [
              {
                "function": "minecraft:set_potion",
                "id": "minecraft:poison"
              }
            ]
          },
          {
            "type": "minecraft:item",
            "name": "minecraft:splash_potion",
            "functions": [
              {
                "function": "minecraft:set_potion",
                "id": "minecraft:strong_slowness"
              }
            ]
          }
        ],
        "conditions": [
          {
            "condition": "minecraft:random_chance",
            "chance": 0.15
          }
        ]
      }
    ]
  }
  