{
  "type": "minecraft:chest",
  "pools": [
    {
      "rolls": 1,
      "entries": [
        {
          "type": "minecraft:loot_table",
          "value": "bistro:chests/stronghold/biome/ocean"
        }
      ],
      "conditions": [
        {
          "condition": "minecraft:location_check",
          "predicate": {
            "structures": "bistro:ocean_stronghold"
          }
        }
      ]
    },
    {
      "rolls": 1,
      "entries": [
        {
          "type": "minecraft:loot_table",
          "value": "bistro:chests/stronghold/biome/desert"
        }
      ],
      "conditions": [
        {
          "condition": "minecraft:location_check",
          "predicate": {
            "structures": "bistro:desert_stronghold"
          }
        }
      ]
    },
    {
      "rolls": 1,
      "entries": [
        {
          "type": "minecraft:loot_table",
          "value": "bistro:chests/stronghold/biome/jungle"
        }
      ],
      "conditions": [
        {
          "condition": "minecraft:location_check",
          "predicate": {
            "structures": "bistro:jungle_stronghold"
          }
        }
      ]
    },
    {
      "rolls": 1,
      "entries": [
        {
          "type": "minecraft:loot_table",
          "value": "bistro:chests/stronghold/biome/ice"
        }
      ],
      "conditions": [
        {
          "condition": "minecraft:location_check",
          "predicate": {
            "structures": "bistro:ice_stronghold"
          }
        }
      ]
    }
  ],
  "random_sequence": "minecraft:chests/stronghold_corridor"
}
