{
    "type": "minecraft:chest",
    "pools": [
      {
        "rolls": {
          "min": 1,
          "max": 4
        },
        "entries": [
          {
            "type": "minecraft:loot_table",
            "value": "bistro:chests/stronghold/food"
          }
        ]
      },
      {
        "rolls": {
          "min": 1,
          "max": 4
        },
        "entries": [
          {
            "type": "minecraft:loot_table",
            "value": "bistro:chests/stronghold/tools"
          }
        ]
      },
      {
        "rolls": {
          "min": 2,
          "max": 3
        },
        "bonus_rolls": {
          "min": 0,
          "max": 2
        },
        "entries": [
          {
            "type": "minecraft:loot_table",
            "value": "bistro:chests/stronghold/loot",
            "weight": 2
          }
        ]
      },
      {
        "rolls": 2,
        "entries": [
          {
            "type": "minecraft:loot_table",
            "value": "bistro:chests/stronghold/biome_specific"
          }
        ]
      }
    ],
    "random_sequence": "minecraft:chests/stronghold_crossing"
  }
  