{
    "type": "minecraft:chest",
    "pools": [
      {
        "rolls": {
          "min": 2,
          "max": 4
        },
        "entries": [
          {
            "type": "minecraft:loot_table",
            "value": "bistro:chests/stronghold/library"
          }
        ]
      },
      {
        "rolls": 1,
        "entries": [
          {
            "type": "minecraft:loot_table",
            "value": "bistro:chests/stronghold/armor_trim"
          }
        ]
      }
    ],
    "random_sequence": "minecraft:chests/stronghold_library"
  }
  