{
    "type": "minecraft:chest",
    "pools": [
      {
        "rolls": 1,
        "bonus_rolls": 0,
        "entries": [
          {
            "type": "minecraft:item",
            "name": "minecraft:golden_apple",
            "weight": 1
          },
          {
            "type": "minecraft:item",
            "name": "minecraft:bread",
            "weight": 5,
            "functions": [
              {
                "function": "minecraft:set_count",
                "count": {
                  "type": "minecraft:uniform",
                  "min": 1,
                  "max": 3
                },
                "add": false
              }
            ]
          },
          {
            "type": "minecraft:item",
            "name": "minecraft:apple",
            "weight": 5,
            "functions": [
              {
                "function": "minecraft:set_count",
                "count": {
                  "type": "minecraft:uniform",
                  "min": 1,
                  "max": 3
                },
                "add": false
              }
            ]
          }
        ]
      }
    ],
    "random_sequence": "minecraft:chests/stronghold_crossing"
  }
  