{
    "type": "minecraft:chest",
    "pools": [
      {
        "rolls": 1,
        "entries": [
          {
            "type": "minecraft:item",
            "name": "minecraft:emerald",
            "weight": 2
          },
          {
            "type": "minecraft:item",
            "name": "minecraft:iron_ingot",
            "weight": 6,
            "functions": [
              {
                "function": "minecraft:set_count",
                "count": {
                  "min": 3,
                  "max": 7
                }
              }
            ]
          },
          {
            "type": "minecraft:item",
            "name": "minecraft:bread",
            "weight": 10,
            "functions": [
              {
                "function": "minecraft:set_count",
                "count": {
                  "min": 2,
                  "max": 5
                }
              }
            ]
          },
          {
            "type": "minecraft:item",
            "name": "minecraft:apple",
            "weight": 10,
            "functions": [
              {
                "function": "minecraft:set_count",
                "count": {
                  "min": 2,
                  "max": 5
                }
              }
            ]
          },
          {
            "type": "minecraft:item",
            "name": "minecraft:arrow",
            "weight": 8,
            "functions": [
              {
                "function": "minecraft:set_count",
                "count": {
                  "min": 6,
                  "max": 9
                }
              }
            ]
          }
        ]
      }
    ],
    "random_sequence": "minecraft:chests/stronghold_corridor"
  }
  