{
  "type": "minecraft:chest",
  "pools": [
    {
      "rolls": 1,
      "bonus_rolls": 0,
      "entries": [
        {
          "type": "minecraft:item",
          "name": "minecraft:bow",
          "functions": [
            {
              "function": "minecraft:enchant_with_levels",
              "levels": 30,
              "options": "#minecraft:on_random_loot",
              "conditions": [
                {
                  "condition": "random_chance",
                  "chance": 0.2
                }
              ]
            }
          ]
        },
        {
          "type": "minecraft:item",
          "name": "minecraft:shield",
          "functions": [
            {
              "function": "minecraft:enchant_with_levels",
              "levels": 30,
              "options": "#minecraft:on_random_loot",
              "conditions": [
                {
                  "condition": "random_chance",
                  "chance": 0.2
                }
              ]
            }
          ]
        },
        {
          "type": "minecraft:item",
          "name": "minecraft:iron_axe",
          "functions": [
            {
              "function": "minecraft:enchant_with_levels",
              "levels": 30,
              "options": "#minecraft:on_random_loot",
              "conditions": [
                {
                  "condition": "random_chance",
                  "chance": 0.2
                }
              ]
            }
          ]
        },
        {
          "type": "minecraft:item",
          "name": "minecraft:iron_pickaxe",
          "functions": [
            {
              "function": "minecraft:enchant_with_levels",
              "levels": 30,
              "options": "#minecraft:on_random_loot",
              "conditions": [
                {
                  "condition": "random_chance",
                  "chance": 0.2
                }
              ]
            }
          ]
        },
        {
          "type": "minecraft:item",
          "name": "minecraft:book",
          "functions": [
            {
              "function": "minecraft:enchant_with_levels",
              "levels": 30,
              "options": "#minecraft:on_random_loot"
            }
          ]
        }
      ]
    }
  ],
  "random_sequence": "minecraft:chests/stronghold_crossing"
}
