{
    "processors": [
      {
        "processor_type": "minecraft:rule",
        "rules": [
          {
            "location_predicate": {
              "predicate_type": "minecraft:always_true"
            },
            "input_predicate": {
              "predicate_type": "minecraft:random_block_match",
              "block": "minecraft:raw_gold_block",
              "probability": 0.25
            },
            "output_state": {
              "Name": "minecraft:gold_block"
            }
          },
          {
            "location_predicate": {
              "predicate_type": "minecraft:always_true"
            },
            "input_predicate": {
              "predicate_type": "minecraft:random_block_match",
              "block": "minecraft:raw_gold_block",
              "probability": 0.45
            },
            "output_state": {
              "Name": "minecraft:gold_ore"
            }
          }
        ]
      }
    ]
  }
  