{
    "processors": [
      {
        "processor_type": "minecraft:rule",
        "rules": [
          {
            "location_predicate": {
              "predicate_type": "minecraft:always_true"
            },
            "input_predicate": {
              "predicate_type": "minecraft:random_block_match",
              "block": "minecraft:lava",
              "probability": 0.15
            },
            "output_state": {
              "Name": "minecraft:sandstone"
            }
          }
        ]
      }
    ]
  }
  