{
  "processors": [
    {
      "processor_type": "minecraft:rule",
      "rules": [
        {
          "location_predicate": {
            "predicate_type": "minecraft:always_true"
          },
          "input_predicate": {
            "predicate_type": "minecraft:random_block_match",
            "block": "minecraft:sand",
            "probability": 0.35
          },
          "output_state": {
            "Name": "minecraft:suspicious_sand",
            "Properties": {
              "dusted": "0"
            }
          },
          "block_entity_modifier": {
            "type": "minecraft:append_loot",
            "loot_table": "minecraft:archaeology/desert_pyramid"
          }
        }
      ]
    }
  ]
}
