{
  "type": "minecraft:jigsaw",
  "biomes": "#bistro:has_ocean_stronghold",
  "step": "strongholds",
  "spawn_overrides": {},
  "terrain_adaptation": "bury",
  "start_pool": "bistro:ocean/start",
  "size": 10,
  "start_height": {
    "type": "minecraft:uniform",
    "min_inclusive": {
      "above_bottom": 30
    },
    "max_inclusive": {
      "absolute": 20
    }
  },
  "max_distance_from_center": 116,
  "use_expansion_hack": false,
  "dimension_padding": 4,
  "liquid_settings": "ignore_waterlogging"
}
