{
  "type": "minecraft:vegetation_patch",
  "config": {
    "surface": "floor",
    "depth": 1,
    "vertical_range": 1,
    "extra_bottom_block_chance": 0,
    "extra_edge_column_chance": 0,
    "vegetation_chance": 0.87,
    "xz_radius": 5,
    "replaceable": "#bistro:garden_replaceable",
    "ground_state": {
      "type": "minecraft:simple_state_provider",
      "state": {
        "Name": "minecraft:grass_block"
      }
    },
    "vegetation_feature": {
      "feature": {
        "config": {
          "features": [
            {
              "chance": 0.33,
              "feature": {
                "feature": "bistro:ice/grass",
                "placement": [
                  {
                    "type": "minecraft:block_predicate_filter",
                    "predicate": {
                      "type": "minecraft:all_of",
                      "predicates": [
                        {
                          "type": "minecraft:matching_blocks",
                          "blocks": "minecraft:air"
                        },
                        {
                          "type": "minecraft:matching_blocks",
                          "offset": [
                            0,
                            -1,
                            0
                          ],
                          "blocks": "minecraft:grass_block"
                        }
                      ]
                    }
                  }
                ]
              }
            },
            {
              "chance": 0.035,
              "feature": {
                "feature": "bistro:ice/tree",
                "placement": [
                  {
                    "type": "minecraft:block_predicate_filter",
                    "predicate": {
                      "type": "minecraft:all_of",
                      "predicates": [
                        {
                          "type": "minecraft:matching_blocks",
                          "blocks": "minecraft:air"
                        },
                        {
                          "type": "minecraft:matching_blocks",
                          "offset": [
                            0,
                            -1,
                            0
                          ],
                          "blocks": "minecraft:grass_block"
                        }
                      ]
                    }
                  }
                ]
              }
            }
          ],
          "default": {
            "feature": "bistro:ice/grass",
            "placement": [
              {
                "type": "minecraft:block_predicate_filter",
                "predicate": {
                  "type": "minecraft:all_of",
                  "predicates": [
                    {
                      "type": "minecraft:matching_blocks",
                      "blocks": "minecraft:air"
                    },
                    {
                      "type": "minecraft:matching_blocks",
                      "offset": [
                        0,
                        -1,
                        0
                      ],
                      "blocks": "minecraft:grass_block"
                    }
                  ]
                }
              }
            ]
          }
        },
        "type": "minecraft:random_selector"
      },
      "placement": []
    }
  }
}