{
    "type": "minecraft:tree",
    "config": {
      "decorators": [
        {
          "type": "minecraft:pale_moss",
          "ground_probability": 0.8,
          "leaves_probability": 0.15,
          "trunk_probability": 0.4
        },
        {
          "type": "minecraft:creaking_heart",
          "probability": 0.45
        }
      ],
      "dirt_provider": {
        "type": "minecraft:simple_state_provider",
        "state": {
          "Name": "minecraft:dirt"
        }
      },
      "foliage_placer": {
        "type": "minecraft:dark_oak_foliage_placer",
        "offset": 0,
        "radius": 0
      },
      "foliage_provider": {
        "type": "minecraft:simple_state_provider",
        "state": {
          "Name": "minecraft:pale_oak_leaves",
          "Properties": {
            "distance": "7",
            "persistent": "false",
            "waterlogged": "false"
          }
        }
      },
      "force_dirt": false,
      "ignore_vines": true,
      "minimum_size": {
        "type": "minecraft:three_layers_feature_size",
        "limit": 1,
        "lower_size": 0,
        "middle_size": 1,
        "upper_limit": 1,
        "upper_size": 2
      },
      "trunk_placer": {
        "type": "minecraft:dark_oak_trunk_placer",
        "base_height": 6,
        "height_rand_a": 2,
        "height_rand_b": 1
      },
      "trunk_provider": {
        "type": "minecraft:simple_state_provider",
        "state": {
          "Name": "minecraft:pale_oak_log",
          "Properties": {
            "axis": "y"
          }
        }
      }
    }
  }