{
  "total_mobs": 3,
  "simultaneous_mobs": 2,
  "total_mobs_added_per_player": 2,
  "simultaneous_mobs_added_per_player": 1,
  "spawn_potentials": [
    {
      "weight": 1,
      "data": {
        "entity": {
          "id": "minecraft:drowned",
          "CustomName": {"text":"Praetorian Drowned"},
          "IsBaby": false,
          "equipment": {},
          "Health": 25.0,
          "attributes": [
            {
              "id": "minecraft:max_health",
              "base": 25.0
            }
          ]
        },
        "equipment": {
          "loot_table": "bistro:equipment/drowned_trident",
          "slot_drop_chances": 0.0
        }
      }
    }
  ],
  "loot_tables_to_eject": [
    {
      "weight": 1,
      "data": "bistro:chests/spawner/standard"
    }
  ]
}