{
  "total_mobs": 5,
  "simultaneous_mobs": 2.5,
  "total_mobs_added_per_player": 2.5,
  "simultaneous_mobs_added_per_player": 1.5,
  "spawn_potentials": [
    {
      "weight": 1,
      "data": {
        "entity": {
          "id": "minecraft:drowned",
          "CustomName": {"text":"Praetorian Drowned"},
          "attributes": [
            {
              "id": "minecraft:max_health",
              "base": 30.0
            },
            {
              "id": "minecraft:attack_damage",
              "base": 5.0
            },
            {
              "id": "minecraft:scale",
              "base": 1.25
            }
          ]
        },
        "equipment": {
          "loot_table": "bistro:equipment/drowned_trident_ominous",
          "slot_drop_chances": 0.0
        }
      }
    }
  ],
  "loot_tables_to_eject": [
    {
      "weight": 1,
      "data": "bistro:chests/spawner/ominous"
    }
  ],
  "items_to_drop_when_ominous": "bistro:trial_spawner/ominous_spawns_ocean"
}