{
  "total_mobs": 3,
  "simultaneous_mobs": 2.5,
  "total_mobs_added_per_player": 2.5,
  "simultaneous_mobs_added_per_player": 1.5,
  "spawn_potentials": [
    {
      "weight": 1,
      "data": {
        "entity": {
          "id": "minecraft:elder_guardian",
          "Tags": ["bistro.elder","bistro.entity","bistro.ticking","smithed.entity","smithed.strict"],
          "Health": 50.0,
          "attributes": [
            {
              "id": "minecraft:max_health",
              "base": 50.0
            },
            {
              "id": "minecraft:scale",
              "base": 0.85
            }
          ],
          "active_effects": [
            {
              "id": "minecraft:resistance",
              "duration": -1,
              "show_particles": true,
              "amplifier": 1
            }
          ]
        },
        "equipment": {
          "loot_table": "bistro:equipment/praetor_ominous",
          "slot_drop_chances": 0.0
        }
      }
    }
  ],
  "loot_tables_to_eject": [
    {
      "weight": 1,
      "data": "bistro:chests/spawner/ominous"
    }
  ],
  "items_to_drop_when_ominous": "bistro:trial_spawner/ominous_spawns_ocean"
}