{
  "total_mobs": 2,
  "simultaneous_mobs": 1,
  "total_mobs_added_per_player": 2,
  "simultaneous_mobs_added_per_player": 1,
  "spawn_potentials": [
    {
      "weight": 1,
      "data": {
        "entity": {
          "id": "minecraft:elder_guardian",
          "Tags": ["bistro.elder","bistro.entity","bistro.ticking","smithed.entity","smithed.strict"],
          "Health": 30.0,
          "attributes": [
            {
              "id": "minecraft:max_health",
              "base": 30.0
            },
            {
              "id": "minecraft:scale",
              "base": 0.55
            }
          ]
        }
      }
    }
  ],
  "loot_tables_to_eject": [
    {
      "weight": 1,
      "data": "bistro:chests/spawner/standard"
    }
  ]
}