{
  "total_mobs": 6,
  "simultaneous_mobs": 2.5,
  "total_mobs_added_per_player": 2.5,
  "simultaneous_mobs_added_per_player": 1.5,
  "spawn_potentials": [
    {
      "weight": 1,
      "data": {
        "entity": {
          "id": "minecraft:guardian",
          "active_effects": [
            {
              "id": "minecraft:resistance",
              "duration": -1,
              "show_particles": true,
              "amplifier": 1
            }
          ]
        }
      }
    }
  ],
  "loot_tables_to_eject": [
    {
      "weight": 1,
      "data": "bistro:chests/spawner/ominous"
    }
  ],
  "items_to_drop_when_ominous": "bistro:trial_spawner/ominous_spawns_ocean"
}