{
  "total_mobs": 3,
  "simultaneous_mobs": 2,
  "total_mobs_added_per_player": 2,
  "simultaneous_mobs_added_per_player": 1,
  "spawn_potentials": [
    {
      "weight": 1,
      "data": {
        "entity": {
          "id": "minecraft:guardian",
          "CustomName": {"text":"Praetor"},
          "Health": 35.0,
          "DeathLootTable": "bistro:entities/praetor",
          "attributes": [
            {
              "id": "minecraft:scale",
              "base": 1.25
            },
            {
              "id": "minecraft:max_health",
              "base": 35.0
            }
          ],
          "Tags": [
            "bistro.entity",
            "bistro.ticking",
            "bistro.praetor",
            "smithed.entity",
            "smithed.strict"
          ]
        }
      }
    }
  ],
  "loot_tables_to_eject": [
    {
      "weight": 1,
      "data": "bistro:chests/spawner/standard"
    }
  ]
}