{
  "total_mobs": 3,
  "simultaneous_mobs": 2,
  "total_mobs_added_per_player": 2,
  "simultaneous_mobs_added_per_player": 1,
  "spawn_potentials": [
    {
      "weight": 3,
      "data": {
        "entity": {
          "id": "minecraft:slime",
          "CustomName": {"text":"Great Slime"},
          "Size": 1,
          "attributes": [
            {
              "id": "minecraft:attack_damage",
              "base": 3.0
            },
            {
              "id": "minecraft:scale",
              "base": 0.85
            }
          ]
        }
      }
    },
    {
      "weight": 2,
      "data": {
        "entity": {
          "id": "minecraft:slime",
          "CustomName": {"text":"Great Slime"},
          "Size": 2,
          "attributes": [
            {
              "id": "minecraft:attack_damage",
              "base": 4.0
            },
            {
              "id": "minecraft:scale",
              "base": 0.65
            }
          ]
        }
      }
    }
  ],
  "loot_tables_to_eject": [
    {
      "weight": 1,
      "data": "bistro:chests/spawner/standard"
    }
  ]
}