{
  "total_mobs": 6,
  "simultaneous_mobs": 3.5,
  "total_mobs_added_per_player": 2.5,
  "simultaneous_mobs_added_per_player": 1.5,
  "spawn_potentials": [
    {
      "weight": 3,
      "data": {
        "entity": {
          "id": "minecraft:slime",
          "Size": 1,
          "attributes": [
            {
              "id": "minecraft:attack_damage",
              "base": 3.0
            },
            {
              "id": "minecraft:scale",
              "base": 0.85
            }
          ]
        }
      }
    },
    {
      "weight": 2,
      "data": {
        "entity": {
          "id": "minecraft:slime",
          "Size": 2,
          "attributes": [
            {
              "id": "minecraft:attack_damage",
              "base": 5.0
            },
            {
              "id": "minecraft:scale",
              "base": 0.65
            }
          ]
        }
      }
    }
  ],
  "loot_tables_to_eject": [
    {
      "weight": 1,
      "data": "bistro:chests/spawner/ominous"
    }
  ],
  "items_to_drop_when_ominous": "bistro:trial_spawner/ominous_spawns_ocean"
}