{
  "fallback": "minecraft:empty",
  "elements": [
    {
      "weight": 65,
      "element": {
        "element_type": "minecraft:single_pool_element",
        "projection": "rigid",
        "location": "bistro:desert/complex/portal",
        "processors": "bistro:desert/end_portal"
      }
    },
    {
      "weight": 45,
      "element": {
        "element_type": "minecraft:single_pool_element",
        "projection": "rigid",
        "location": "bistro:desert/room/portal",
        "processors": "bistro:desert/end_portal"
      }
    },
    {
      "weight": 1,
      "element": {
        "element_type": "minecraft:list_pool_element",
        "projection": "rigid",
        "elements": [
          {
            "element_type": "minecraft:single_pool_element",
            "projection": "rigid",
            "location": "bistro:desert/jigsaws/left_stair/t1_s3",
            "processors": "bistro:desert/desert_decay"
          },
          {
            "element_type": "minecraft:single_pool_element",
            "projection": "rigid",
            "location": "bistro:desert/corridor/downward_stair_left",
            "processors": "bistro:desert/desert_decay"
          }
        ]
      }
    },
    {
      "weight": 1,
      "element": {
        "element_type": "minecraft:list_pool_element",
        "projection": "rigid",
        "elements": [
          {
            "element_type": "minecraft:single_pool_element",
            "projection": "rigid",
            "location": "bistro:desert/jigsaws/right_stair/t1_s3",
            "processors": "bistro:desert/desert_decay"
          },
          {
            "element_type": "minecraft:single_pool_element",
            "projection": "rigid",
            "location": "bistro:desert/corridor/downward_stair_right",
            "processors": "bistro:desert/desert_decay"
          }
        ]
      }
    }
  ]
}