{
    "fallback": "bistro:desert/room",
    "elements": [
      {
        "weight": 3,
        "element": {
          "element_type": "minecraft:single_pool_element",
          "projection": "rigid",
          "location": "bistro:desert/room/burial_chamber",
          "processors": "bistro:desert/desert_decay"
        }
      },
      {
        "weight": 2,
        "element": {
          "element_type": "minecraft:single_pool_element",
          "projection": "rigid",
          "location": "bistro:desert/room/sandpit",
          "processors": "bistro:desert/desert_decay"
        }
      },
      {
        "weight": 4,
        "element": {
          "element_type": "minecraft:single_pool_element",
          "projection": "rigid",
          "location": "bistro:desert/room/embalming",
          "processors": "bistro:desert/desert_decay"
        }
      },
      {
        "weight": 2,
        "element": {
          "element_type": "minecraft:single_pool_element",
          "projection": "rigid",
          "location": "bistro:desert/room/treasure",
          "processors": "bistro:desert/desert_decay"
        }
      },
      {
        "weight": 3,
        "element": {
          "element_type": "minecraft:single_pool_element",
          "projection": "rigid",
          "location": "bistro:desert/room/sleeping_quarters",
          "processors": "bistro:desert/desert_decay"
        }
      }
    ]
  }
  