{
    "fallback": "bistro:desert/fallback",
    "elements": [
      {
        "weight": 2,
        "element": {
          "element_type": "minecraft:single_pool_element",
          "projection": "rigid",
          "location": "bistro:desert/doorway",
          "processors": "bistro:desert/desert_decay"
        }
      },
      {
        "weight": 1,
        "element": {
          "element_type": "minecraft:list_pool_element",
          "projection": "rigid",
          "elements": [
            {
              "element_type": "minecraft:single_pool_element",
              "projection": "rigid",
              "location": "bistro:desert/jigsaws/corridor/basic_room",
              "processors": "bistro:desert/desert_decay"
            },
            {
              "element_type": "minecraft:single_pool_element",
              "projection": "rigid",
              "location": "bistro:desert/corridor/basic",
              "processors": "bistro:desert/desert_decay"
            }
          ]
        }
      },
      {
        "weight": 1,
        "element": {
          "element_type": "minecraft:list_pool_element",
          "projection": "rigid",
          "elements": [
            {
              "element_type": "minecraft:single_pool_element",
              "projection": "rigid",
              "location": "bistro:desert/jigsaws/corridor/basic_room",
              "processors": "bistro:desert/desert_decay"
            },
            {
              "element_type": "minecraft:single_pool_element",
              "projection": "rigid",
              "location": "bistro:desert/corridor/lava",
              "processors": "bistro:desert/lava_hallway"
            }
          ]
        }
      },
      {
        "weight": 1,
        "element": {
          "element_type": "minecraft:list_pool_element",
          "projection": "rigid",
          "elements": [
            {
              "element_type": "minecraft:single_pool_element",
              "projection": "rigid",
              "location": "bistro:desert/jigsaws/corridor/basic_room",
              "processors": "bistro:desert/desert_decay"
            },
            {
              "element_type": "minecraft:single_pool_element",
              "projection": "rigid",
              "location": "bistro:desert/corridor/arrow",
              "processors": "bistro:desert/arrow_hallway"
            }
          ]
        }
      },
      {
        "weight": 1,
        "element": {
          "element_type": "minecraft:list_pool_element",
          "projection": "rigid",
          "elements": [
            {
              "element_type": "minecraft:single_pool_element",
              "projection": "rigid",
              "location": "bistro:desert/jigsaws/corridor/spawner_room",
              "processors": "bistro:desert/desert_decay"
            },
            {
              "element_type": "minecraft:single_pool_element",
              "projection": "rigid",
              "location": "bistro:desert/corridor/spawner",
              "processors": "bistro:desert/desert_decay"
            }
          ]
        }
      },
      {
        "weight": 1,
        "element": {
          "element_type": "minecraft:list_pool_element",
          "projection": "rigid",
          "elements": [
            {
              "element_type": "minecraft:single_pool_element",
              "projection": "rigid",
              "location": "bistro:desert/jigsaws/corridor/hieroglyphics_room",
              "processors": "bistro:desert/desert_decay"
            },
            {
              "element_type": "minecraft:single_pool_element",
              "projection": "rigid",
              "location": "bistro:desert/corridor/hieroglyphics",
              "processors": "bistro:desert/desert_decay"
            }
          ]
        }
      },
      {
        "weight": 3,
        "element": {
          "element_type": "minecraft:single_pool_element",
          "projection": "rigid",
          "location": "bistro:desert/room/burial_chamber",
          "processors": "bistro:desert/desert_decay"
        }
      },
      {
        "weight": 2,
        "element": {
          "element_type": "minecraft:single_pool_element",
          "projection": "rigid",
          "location": "bistro:desert/room/sandpit",
          "processors": "bistro:desert/desert_decay"
        }
      },
      {
        "weight": 4,
        "element": {
          "element_type": "minecraft:single_pool_element",
          "projection": "rigid",
          "location": "bistro:desert/room/embalming",
          "processors": "bistro:desert/desert_decay"
        }
      },
      {
        "weight": 2,
        "element": {
          "element_type": "minecraft:single_pool_element",
          "projection": "rigid",
          "location": "bistro:desert/room/treasure",
          "processors": "bistro:desert/desert_decay"
        }
      },
      {
        "weight": 3,
        "element": {
          "element_type": "minecraft:single_pool_element",
          "projection": "rigid",
          "location": "bistro:desert/room/sleeping_quarters",
          "processors": "bistro:desert/desert_decay"
        }
      },
      {
        "weight": 7,
        "element": {
          "element_type": "minecraft:single_pool_element",
          "projection": "rigid",
          "location": "bistro:desert/room/spawner",
          "processors": "bistro:desert/desert_decay"
        }
      },
      {
        "weight": 6,
        "element": {
          "element_type": "minecraft:single_pool_element",
          "projection": "rigid",
          "location": "bistro:desert/room/vault",
          "processors": "bistro:desert/desert_decay"
        }
      },
      {
        "weight": 2,
        "element": {
          "element_type": "minecraft:single_pool_element",
          "projection": "rigid",
          "location": "bistro:desert/room/vault_ominous",
          "processors": "bistro:desert/desert_decay"
        }
      },
      {
        "weight": 5,
        "element": {
          "element_type": "minecraft:single_pool_element",
          "projection": "rigid",
          "location": "bistro:desert/room/carver",
          "processors": "bistro:desert/desert_decay"
        }
      },
      {
        "weight": 4,
        "element": {
          "element_type": "minecraft:single_pool_element",
          "projection": "rigid",
          "location": "bistro:desert/room/tnt",
          "processors": "bistro:desert/desert_decay"
        }
      },
      {
        "weight": 1,
        "element": {
          "element_type": "minecraft:single_pool_element",
          "projection": "rigid",
          "location": "bistro:desert/room/temple",
          "processors": "bistro:desert/desert_decay"
        }
      },
      {
        "weight": 3,
        "element": {
          "element_type": "minecraft:single_pool_element",
          "projection": "rigid",
          "location": "bistro:desert/room/sphinx",
          "processors": "bistro:desert/desert_decay"
        }
      },
      {
        "weight": 5,
        "element": {
          "element_type": "minecraft:single_pool_element",
          "projection": "rigid",
          "location": "bistro:desert/room/oasis",
          "processors": "bistro:desert/desert_decay"
        }
      },
      {
        "weight": 5,
        "element": {
          "element_type": "minecraft:single_pool_element",
          "projection": "rigid",
          "location": "bistro:desert/room/crypt",
          "processors": "bistro:desert/desert_decay"
        }
      },
      {
        "weight": 2,
        "element": {
          "element_type": "minecraft:single_pool_element",
          "projection": "rigid",
          "location": "bistro:desert/room/scarab",
          "processors": "bistro:desert/desert_decay"
        }
      },
      {
        "weight": 2,
        "element": {
          "element_type": "minecraft:single_pool_element",
          "projection": "rigid",
          "location": "bistro:desert/room/glass_maze",
          "processors": "bistro:desert/maze_tnt"
        }
      },
      {
        "weight": 3,
        "element": {
          "element_type": "minecraft:single_pool_element",
          "projection": "rigid",
          "location": "bistro:desert/room/big_vault",
          "processors": "bistro:desert/maze_tnt"
        }
      }
    ]
  }
  