{
  "type": "minecraft:crafting_shaped",
  "category": "equipment",
  "pattern": [
    "r b",
    "i i",
    "ini"
  ],
  "key": {
    "r": "minecraft:red_dye",
    "b": "minecraft:blue_dye",
    "i": "minecraft:iron_ingot",
    "n": "minecraft:netherite_ingot"
  },
  "result": {
    "id": "minecraft:rabbit_foot",
    "count": 1,
    "components": {
      "minecraft:max_stack_size": 1,
      "minecraft:item_name": {"translate":"jbt:magnet","fallback":"Item Magnet"},
      "minecraft:item_model": "jbt:item_magnet",
      "minecraft:custom_data": {"jbt_magnet":true,"smithed":{"ignore":{"functionality":true,"crafting":true}}}
    }
  }
}