{
    "fallback": "bistro:ice/deco/library",
    "elements": [
      {
        "weight": 12,
        "element": {
          "element_type": "minecraft:empty_pool_element"
        }
      },
      {
        "weight": 5,
        "element": {
          "element_type": "minecraft:single_pool_element",
          "projection": "rigid",
          "location": "bistro:ice/deco/candles",
          "processors": "bistro:desert/gold_loot"
        }
      },
      {
        "weight": 4,
        "element": {
          "element_type": "minecraft:single_pool_element",
          "projection": "rigid",
          "location": "bistro:ice/deco/chest_library",
          "processors": "minecraft:empty"
        }
      },
      {
        "weight": 1,
        "element": {
          "element_type": "minecraft:single_pool_element",
          "projection": "rigid",
          "location": "bistro:ice/deco/vault_library",
          "processors": "minecraft:empty"
        }
      },
      {
        "weight": 2,
        "element": {
          "element_type": "minecraft:single_pool_element",
          "projection": "rigid",
          "location": "bistro:ice/deco/lectern",
          "processors": "minecraft:empty"
        }
      }
    ]
  }
  