{
    "fallback": "minecraft:empty",
    "elements": [
      {
        "weight": 1,
        "element": {
          "element_type": "minecraft:single_pool_element",
          "projection": "rigid",
          "location": "bistro:ice/spawner/spider",
          "processors": "minecraft:empty"
        }
      },
      {
        "weight": 3,
        "element": {
          "element_type": "minecraft:single_pool_element",
          "projection": "rigid",
          "location": "bistro:ice/spawner/zombie",
          "processors": "minecraft:empty"
        }
      },
      {
        "weight": 3,
        "element": {
          "element_type": "minecraft:single_pool_element",
          "projection": "rigid",
          "location": "bistro:ice/spawner/stray",
          "processors": "minecraft:empty"
        }
      },
      {
        "weight": 3,
        "element": {
          "element_type": "minecraft:single_pool_element",
          "projection": "rigid",
          "location": "bistro:ice/spawner/phantom",
          "processors": "minecraft:empty"
        }
      }
    ]
  }
  