{
    "fallback": "minecraft:empty",
    "elements": [
      {
        "weight": 3,
        "element": {
          "element_type": "minecraft:single_pool_element",
          "projection": "rigid",
          "location": "bistro:ice/loot/vault",
          "processors": "minecraft:empty"
        }
      },
      {
        "weight": 2,
        "element": {
          "element_type": "minecraft:single_pool_element",
          "projection": "rigid",
          "location": "bistro:ice/loot/vault_ominous",
          "processors": "minecraft:empty"
        }
      }
    ]
  }
  