{
  "fallback": "bistro:jungle/room",
  "elements": [
    {
      "weight": 30,
      "element": {
        "element_type": "minecraft:single_pool_element",
        "projection": "rigid",
        "location": "bistro:jungle/jigsaws/small/type_2",
        "processors": "bistro:jungle/jungle_moss"
      }
    },
    {
      "weight": 28,
      "element": {
        "element_type": "minecraft:single_pool_element",
        "projection": "rigid",
        "location": "bistro:jungle/jigsaws/medium/type_2",
        "processors": "bistro:jungle/jungle_moss"
      }
    },
    {
      "weight": 18,
      "element": {
        "element_type": "minecraft:single_pool_element",
        "projection": "rigid",
        "location": "bistro:jungle/jigsaws/large/type_2",
        "processors": "bistro:jungle/jungle_moss"
      }
    }
  ]
}