{
    "fallback": "bistro:jungle/room",
    "elements": [
      {
        "weight": 4,
        "element": {
          "element_type": "minecraft:list_pool_element",
          "projection": "rigid",
          "elements": [
            {
              "element_type": "minecraft:single_pool_element",
              "projection": "rigid",
              "location": "bistro:jungle/jigsaws/downward_stair/type_2",
              "processors": "bistro:jungle/jungle_moss"
            },
            {
              "element_type": "minecraft:single_pool_element",
              "projection": "rigid",
              "location": "bistro:jungle/corridor/downward_stair",
              "processors": "bistro:jungle/jungle_moss"
            }
          ]
        }
      },
      {
        "weight": 4,
        "element": {
          "element_type": "minecraft:single_pool_element",
          "projection": "rigid",
          "location": "bistro:jungle/jigsaws/corridor/basic_type_2",
          "processors": "minecraft:empty"
        }
      },
      {
        "weight": 30,
        "element": {
          "element_type": "minecraft:single_pool_element",
          "projection": "rigid",
          "location": "bistro:jungle/jigsaws/small/type_2",
          "processors": "bistro:jungle/jungle_moss"
        }
      },
      {
        "weight": 28,
        "element": {
          "element_type": "minecraft:single_pool_element",
          "projection": "rigid",
          "location": "bistro:jungle/jigsaws/medium/type_2",
          "processors": "bistro:jungle/jungle_moss"
        }
      },
      {
        "weight": 18,
        "element": {
          "element_type": "minecraft:single_pool_element",
          "projection": "rigid",
          "location": "bistro:jungle/jigsaws/large/type_2",
          "processors": "bistro:jungle/jungle_moss"
        }
      }
    ]
  }
  