{
  "condition": "minecraft:any_of",
  "terms": [
    {
      "condition": "minecraft:all_of",
      "terms": [
        {
          "condition": "minecraft:entity_scores",
          "entity": "this",
          "scores": {
            "bistro.state": 0
          }
        },
        {
          "condition": "minecraft:location_check",
          "predicate": {
            "block": {
              "blocks": "minecraft:chiseled_bookshelf",
              "state": {
                "slot_0_occupied": "false",
                "slot_1_occupied": "false",
                "slot_2_occupied": "false",
                "slot_3_occupied": "false",
                "slot_4_occupied": "false",
                "slot_5_occupied": "false"
              }
            }
          }
        }
      ]
    },
    {
      "condition": "minecraft:all_of",
      "terms": [
        {
          "condition": "minecraft:entity_scores",
          "entity": "this",
          "scores": {
            "bistro.state": 1
          }
        },
        {
          "condition": "minecraft:location_check",
          "predicate": {
            "block": {
              "blocks": "minecraft:chiseled_bookshelf",
              "state": {
                "slot_0_occupied": "true",
                "slot_1_occupied": "false",
                "slot_2_occupied": "false",
                "slot_3_occupied": "false",
                "slot_4_occupied": "false",
                "slot_5_occupied": "false"
              }
            }
          }
        }
      ]
    },
    {
      "condition": "minecraft:all_of",
      "terms": [
        {
          "condition": "minecraft:entity_scores",
          "entity": "this",
          "scores": {
            "bistro.state": 2
          }
        },
        {
          "condition": "minecraft:location_check",
          "predicate": {
            "block": {
              "blocks": "minecraft:chiseled_bookshelf",
              "state": {
                "slot_0_occupied": "false",
                "slot_1_occupied": "true",
                "slot_2_occupied": "false",
                "slot_3_occupied": "false",
                "slot_4_occupied": "false",
                "slot_5_occupied": "false"
              }
            }
          }
        }
      ]
    },
    {
      "condition": "minecraft:all_of",
      "terms": [
        {
          "condition": "minecraft:entity_scores",
          "entity": "this",
          "scores": {
            "bistro.state": 3
          }
        },
        {
          "condition": "minecraft:location_check",
          "predicate": {
            "block": {
              "blocks": "minecraft:chiseled_bookshelf",
              "state": {
                "slot_0_occupied": "false",
                "slot_1_occupied": "false",
                "slot_2_occupied": "true",
                "slot_3_occupied": "false",
                "slot_4_occupied": "false",
                "slot_5_occupied": "false"
              }
            }
          }
        }
      ]
    },
    {
      "condition": "minecraft:all_of",
      "terms": [
        {
          "condition": "minecraft:entity_scores",
          "entity": "this",
          "scores": {
            "bistro.state": 4
          }
        },
        {
          "condition": "minecraft:location_check",
          "predicate": {
            "block": {
              "blocks": "minecraft:chiseled_bookshelf",
              "state": {
                "slot_0_occupied": "false",
                "slot_1_occupied": "false",
                "slot_2_occupied": "false",
                "slot_3_occupied": "true",
                "slot_4_occupied": "false",
                "slot_5_occupied": "false"
              }
            }
          }
        }
      ]
    },
    {
      "condition": "minecraft:all_of",
      "terms": [
        {
          "condition": "minecraft:entity_scores",
          "entity": "this",
          "scores": {
            "bistro.state": 5
          }
        },
        {
          "condition": "minecraft:location_check",
          "predicate": {
            "block": {
              "blocks": "minecraft:chiseled_bookshelf",
              "state": {
                "slot_0_occupied": "false",
                "slot_1_occupied": "false",
                "slot_2_occupied": "false",
                "slot_3_occupied": "false",
                "slot_4_occupied": "true",
                "slot_5_occupied": "false"
              }
            }
          }
        }
      ]
    },
    {
      "condition": "minecraft:all_of",
      "terms": [
        {
          "condition": "minecraft:entity_scores",
          "entity": "this",
          "scores": {
            "bistro.state": 6
          }
        },
        {
          "condition": "minecraft:location_check",
          "predicate": {
            "block": {
              "blocks": "minecraft:chiseled_bookshelf",
              "state": {
                "slot_0_occupied": "false",
                "slot_1_occupied": "false",
                "slot_2_occupied": "false",
                "slot_3_occupied": "false",
                "slot_4_occupied": "false",
                "slot_5_occupied": "true"
              }
            }
          }
        }
      ]
    }
  ]
}