{
  "criteria": {
    "requirement": {
      "trigger": "minecraft:placed_block",
      "conditions": {
        "player": {
          "slots": {
            "weapon.mainhand": {
              "items": "minecraft:chiseled_tuff",
              "predicates": {
                "minecraft:custom_data": {
                  "bistro": {
                    "gas_emitter": true
                  }
                }
              }
            }
          }
        }
      }
    }
  },
  "rewards": {
    "function": "bistro:advancement/place_gas_emitter"
  }
}