{
  "fallback": "minecraft:empty",
  "elements": [
    {
      "weight": 1,
      "element": {
        "element_type": "minecraft:single_pool_element",
        "projection": "rigid",
        "location": "bistro:jungle/portal_maze/right_1",
        "processors": "bistro:jungle/end_portal"
      }
    },
    {
      "weight": 1,
      "element": {
        "element_type": "minecraft:single_pool_element",
        "projection": "rigid",
        "location": "bistro:jungle/portal_maze/right_2",
        "processors": "bistro:jungle/end_portal"
      }
    },
    {
      "weight": 1,
      "element": {
        "element_type": "minecraft:single_pool_element",
        "projection": "rigid",
        "location": "bistro:jungle/portal_maze/right_3",
        "processors": "bistro:jungle/end_portal"
      }
    }
  ]
}