{
  "fallback": "bistro:jungle/internal_room/portal",
  "elements": [
    {
      "weight": 65,
      "element": {
        "element_type": "minecraft:single_pool_element",
        "projection": "rigid",
        "location": "bistro:jungle/complex/portal",
        "processors": "bistro:jungle/jungle_moss"
      }
    },
    {
      "weight": 45,
      "element": {
        "element_type": "minecraft:single_pool_element",
        "projection": "rigid",
        "location": "bistro:jungle/room/portal",
        "processors": "bistro:jungle/end_portal"
      }
    },
    {
      "weight": 1,
      "element": {
        "element_type": "minecraft:list_pool_element",
        "projection": "rigid",
        "elements": [
          {
            "element_type": "minecraft:single_pool_element",
            "projection": "rigid",
            "location": "bistro:jungle/jigsaws/left_stair/t1_s3",
            "processors": "minecraft:empty"
          },
          {
            "element_type": "minecraft:single_pool_element",
            "projection": "rigid",
            "location": "bistro:jungle/corridor/downward_stair_left",
            "processors": "bistro:jungle/jungle_moss"
          }
        ]
      }
    },
    {
      "weight": 1,
      "element": {
        "element_type": "minecraft:list_pool_element",
        "projection": "rigid",
        "elements": [
          {
            "element_type": "minecraft:single_pool_element",
            "projection": "rigid",
            "location": "bistro:jungle/jigsaws/right_stair/t1_s3",
            "processors": "minecraft:empty"
          },
          {
            "element_type": "minecraft:single_pool_element",
            "projection": "rigid",
            "location": "bistro:jungle/corridor/downward_stair_right",
            "processors": "bistro:jungle/jungle_moss"
          }
        ]
      }
    }
  ]
}