{
    "fallback": "bistro:jungle/fallback",
    "elements": [
      {
        "weight": 12,
        "element": {
          "element_type": "minecraft:single_pool_element",
          "projection": "rigid",
          "location": "bistro:jungle/doorway",
          "processors": "bistro:jungle/jungle_moss"
        }
      },
      {
        "weight": 2,
        "element": {
          "element_type": "minecraft:single_pool_element",
          "projection": "rigid",
          "location": "bistro:jungle/room_terminus/spawner",
          "processors": "bistro:jungle/jungle_moss"
        }
      },
      {
        "weight": 2,
        "element": {
          "element_type": "minecraft:single_pool_element",
          "projection": "rigid",
          "location": "bistro:jungle/room_terminus/loot",
          "processors": "bistro:jungle/jungle_moss"
        }
      },
      {
        "weight": 3,
        "element": {
          "element_type": "minecraft:single_pool_element",
          "projection": "rigid",
          "location": "bistro:jungle/room_terminus/cell",
          "processors": "bistro:jungle/jungle_moss"
        }
      },
      {
        "weight": 4,
        "element": {
          "element_type": "minecraft:single_pool_element",
          "projection": "rigid",
          "location": "bistro:jungle/room_terminus/trap",
          "processors": "bistro:jungle/chest_puzzle"
        }
      }
    ]
  }
  