{
  "fallback": "bistro:jungle/fallback",
  "elements": [
    {
      "weight": 2,
      "element": {
        "element_type": "minecraft:single_pool_element",
        "projection": "rigid",
        "location": "bistro:jungle/doorway",
        "processors": "bistro:jungle/jungle_moss"
      }
    },
    {
      "weight": 1,
      "element": {
        "element_type": "minecraft:single_pool_element",
        "projection": "rigid",
        "location": "bistro:jungle/room/grand_library",
        "processors": "bistro:jungle/grand_library"
      }
    },
    {
      "weight": 2,
      "element": {
        "element_type": "minecraft:single_pool_element",
        "projection": "rigid",
        "location": "bistro:jungle/room/chest_puzzle",
        "processors": "bistro:jungle/chest_puzzle"
      }
    },
    {
      "weight": 3,
      "element": {
        "element_type": "minecraft:single_pool_element",
        "projection": "rigid",
        "location": "bistro:jungle/room/treasure",
        "processors": "bistro:jungle/jungle_moss"
      }
    },
    {
      "weight": 4,
      "element": {
        "element_type": "minecraft:single_pool_element",
        "projection": "rigid",
        "location": "bistro:jungle/room/sleeping_quarters",
        "processors": "bistro:jungle/jungle_moss"
      }
    },
    {
      "weight": 5,
      "element": {
        "element_type": "minecraft:single_pool_element",
        "projection": "rigid",
        "location": "bistro:jungle/jigsaws/room/2_floor",
        "processors": "minecraft:empty"
      }
    },
    {
      "weight": 10,
      "element": {
        "element_type": "minecraft:single_pool_element",
        "projection": "rigid",
        "location": "bistro:jungle/jigsaws/room/long_hall",
        "processors": "minecraft:empty"
      }
    },
    {
      "weight": 8,
      "element": {
        "element_type": "minecraft:single_pool_element",
        "projection": "rigid",
        "location": "bistro:jungle/jigsaws/room/single_large",
        "processors": "minecraft:empty"
      }
    },
    {
      "weight": 6,
      "element": {
        "element_type": "minecraft:single_pool_element",
        "projection": "rigid",
        "location": "bistro:jungle/jigsaws/room/short_hall",
        "processors": "minecraft:empty"
      }
    },
    {
      "weight": 5,
      "element": {
        "element_type": "minecraft:single_pool_element",
        "projection": "rigid",
        "location": "bistro:jungle/jigsaws/room/intersection",
        "processors": "minecraft:empty"
      }
    }
  ]
}
