{
    "fallback": "bistro:jungle/room",
    "elements": [
      {
        "weight": 2,
        "element": {
          "element_type": "minecraft:single_pool_element",
          "projection": "rigid",
          "location": "bistro:jungle/room/grand_library",
          "processors": "bistro:jungle/grand_library"
        }
      },
      {
        "weight": 3,
        "element": {
          "element_type": "minecraft:single_pool_element",
          "projection": "rigid",
          "location": "bistro:jungle/room/chest_puzzle",
          "processors": "bistro:jungle/chest_puzzle"
        }
      },
      {
        "weight": 6,
        "element": {
          "element_type": "minecraft:single_pool_element",
          "projection": "rigid",
          "location": "bistro:jungle/room/treasure",
          "processors": "bistro:jungle/jungle_moss"
        }
      },
      {
        "weight": 8,
        "element": {
          "element_type": "minecraft:single_pool_element",
          "projection": "rigid",
          "location": "bistro:jungle/room/sleeping_quarters",
          "processors": "bistro:jungle/jungle_moss"
        }
      }
    ]
  }
  