{
    "fallback": "bistro:desert/deco/loot",
    "elements": [
      {
        "weight": 3,
        "element": {
          "element_type": "minecraft:empty_pool_element"
        }
      },
      {
        "weight": 7,
        "element": {
          "element_type": "minecraft:single_pool_element",
          "projection": "rigid",
          "location": "bistro:desert/deco/pillar",
          "processors": "bistro:desert/desert_decay"
        }
      },
      {
        "weight": 7,
        "element": {
          "element_type": "minecraft:single_pool_element",
          "projection": "rigid",
          "location": "bistro:desert/deco/fountain",
          "processors": "bistro:desert/desert_decay"
        }
      },
      {
        "weight": 7,
        "element": {
          "element_type": "minecraft:single_pool_element",
          "projection": "rigid",
          "location": "bistro:desert/deco/sand",
          "processors": "bistro:desert/suspicious_sand"
        }
      },
      {
        "weight": 3,
        "element": {
          "element_type": "minecraft:single_pool_element",
          "projection": "rigid",
          "location": "bistro:desert/spawner/husk_large",
          "processors": "bistro:desert/desert_decay"
        }
      },
      {
        "weight": 2,
        "element": {
          "element_type": "minecraft:single_pool_element",
          "projection": "rigid",
          "location": "bistro:desert/spawner/silverfish_large",
          "processors": "bistro:desert/desert_decay"
        }
      },
      {
        "weight": 1,
        "element": {
          "element_type": "minecraft:single_pool_element",
          "projection": "rigid",
          "location": "bistro:desert/spawner/skeleton_large",
          "processors": "bistro:desert/desert_decay"
        }
      }
    ]
  }
  