{
    "fallback": "minecraft:empty",
    "elements": [
      {
        "weight": 3,
        "element": {
          "element_type": "minecraft:single_pool_element",
          "projection": "rigid",
          "location": "bistro:desert/loot/gold",
          "processors": "bistro:desert/gold_loot"
        }
      },
      {
        "weight": 7,
        "element": {
          "element_type": "minecraft:single_pool_element",
          "projection": "rigid",
          "location": "bistro:desert/loot/chest",
          "processors": "bistro:desert/desert_decay"
        }
      },
      {
        "weight": 5,
        "element": {
          "element_type": "minecraft:single_pool_element",
          "projection": "rigid",
          "location": "bistro:desert/loot/pots",
          "processors": "bistro:desert/desert_decay"
        }
      },
      {
        "weight": 3,
        "element": {
          "element_type": "minecraft:single_pool_element",
          "projection": "rigid",
          "location": "bistro:desert/loot/vault",
          "processors": "bistro:desert/desert_decay"
        }
      },
      {
        "weight": 1,
        "element": {
          "element_type": "minecraft:single_pool_element",
          "projection": "rigid",
          "location": "bistro:desert/loot/vault_ominous",
          "processors": "bistro:desert/desert_decay"
        }
      }
    ]
  }
  