{
    "fallback": "minecraft:empty",
    "elements": [
      {
        "weight": 1,
        "element": {
          "element_type": "minecraft:empty_pool_element"
        }
      },
      {
        "weight": 3,
        "element": {
          "element_type": "minecraft:single_pool_element",
          "projection": "rigid",
          "location": "bistro:desert/spawner/husk",
          "processors": "bistro:desert/desert_decay"
        }
      },
      {
        "weight": 3,
        "element": {
          "element_type": "minecraft:single_pool_element",
          "projection": "rigid",
          "location": "bistro:desert/spawner/silverfish",
          "processors": "bistro:desert/desert_decay"
        }
      },
      {
        "weight": 3,
        "element": {
          "element_type": "minecraft:single_pool_element",
          "projection": "rigid",
          "location": "bistro:desert/spawner/skeleton",
          "processors": "bistro:desert/desert_decay"
        }
      }
    ]
  }
  