{
  "fallback": "minecraft:empty",
  "elements": [
    {
      "weight": 4,
      "element": {
        "element_type": "minecraft:empty_pool_element"
      }
    },
    {
      "weight": 1,
      "element": {
        "element_type": "minecraft:single_pool_element",
        "projection": "rigid",
        "location": "bistro:desert/trap/trick_floor",
        "processors": "bistro:desert/desert_decay"
      }
    },
    {
      "weight": 1,
      "element": {
        "element_type": "minecraft:single_pool_element",
        "projection": "rigid",
        "location": "bistro:desert/trap/trick_ceiling",
        "processors": "bistro:desert/desert_decay"
      }
    },
    {
      "weight": 1,
      "element": {
        "element_type": "minecraft:single_pool_element",
        "projection": "rigid",
        "location": "bistro:desert/trap/gas_emitter",
        "processors": "bistro:desert/desert_decay"
      }
    }
  ]
}
