{
  "total_mobs": 4,
  "simultaneous_mobs": 2,
  "total_mobs_added_per_player": 2,
  "simultaneous_mobs_added_per_player": 1,
  "spawn_potentials": [
    {
      "weight": 1,
      "data": {
        "entity": {
          "id": "minecraft:bogged",
          "attributes": [
            {
              "id": "minecraft:movement_speed",
              "base": 0.2
            },
            {
              "id": "minecraft:knockback_resistance",
              "base": 0.6
            }
          ]
        },
        "equipment": {
          "loot_table": "bistro:equipment/bogged",
          "slot_drop_chances": 0.0
        }
      }
    }
  ],
  "loot_tables_to_eject": [
    {
      "weight": 1,
      "data": "bistro:chests/spawner/standard"
    }
  ]
}