{
  "total_mobs": 6,
  "simultaneous_mobs": 2.5,
  "total_mobs_added_per_player": 2.5,
  "simultaneous_mobs_added_per_player": 1.5,
  "spawn_potentials": [
    {
      "weight": 1,
      "data": {
        "entity": {
          "id": "minecraft:bogged",
          "attributes": [
            {
              "id": "minecraft:attack_knockback",
              "base": 0.4
            },
            {
              "id": "minecraft:knockback_resistance",
              "base": 0.6
            }
          ]
        },
        "equipment": {
          "loot_table": "bistro:equipment/bogged_ominous",
          "slot_drop_chances": 0.0
        }
      }
    }
  ],
  "loot_tables_to_eject": [
    {
      "weight": 1,
      "data": "bistro:chests/spawner/ominous"
    }
  ]
}