{
  "total_mobs": 6,
  "simultaneous_mobs": 2.5,
  "total_mobs_added_per_player": 2.5,
  "simultaneous_mobs_added_per_player": 1.5,
  "spawn_potentials": [
    {
      "weight": 1,
      "data": {
        "entity": {
          "id": "minecraft:creeper",
          "Fuse": 72000,
          "Tags": [
            "bistro.entity",
            "bistro.ticking",
            "bistro.creeper",
            "smithed.entity",
            "smithed.strict"
          ],
          "active_effects": [
            {
              "id": "minecraft:wind_charged",
              "duration": -1,
              "amplifier": 0,
              "show_particles": true
            }
          ]
        }
      }
    }
  ],
  "loot_tables_to_eject": [
    {
      "weight": 1,
      "data": "bistro:chests/spawner/ominous"
    }
  ]
}