{
  "total_mobs": 4,
  "simultaneous_mobs": 2,
  "total_mobs_added_per_player": 2,
  "simultaneous_mobs_added_per_player": 1,
  "spawn_potentials": [
    {
      "weight": 1,
      "data": {
        "entity": {
          "id": "minecraft:creeper",
          "Fuse": 72000,
          "Tags": [
            "bistro.entity",
            "bistro.ticking",
            "bistro.creeper",
            "smithed.entity",
            "smithed.strict"
          ]
        }
      }
    }
  ],
  "loot_tables_to_eject": [
    {
      "weight": 1,
      "data": "bistro:chests/spawner/standard"
    }
  ]
}