{
  "total_mobs": 3,
  "simultaneous_mobs": 3,
  "total_mobs_added_per_player": 1,
  "simultaneous_mobs_added_per_player": 1,
  "spawn_potentials": [
    {
      "weight": 1,
      "data": {
        "entity": {
          "id": "minecraft:vex",
          "life_ticks": 2400,
          "DeathLootTable": "bistro:entities/vex",
          "Tags": [
            "bistro.entity",
            "bistro.ticking",
            "bistro.vex",
            "smithed.entity",
            "smithed.strict"
          ],
          "attributes": [
            {
              "id": "minecraft:scale",
              "base": 1.25
            }
          ],
          "active_effects": [
            {
              "id": "minecraft:weaving",
              "duration": -1,
              "amplifier": 0,
              "show_particles": true
            }
          ]
        }
      }
    }
  ],
  "loot_tables_to_eject": [
    {
      "weight": 1,
      "data": "bistro:chests/spawner/standard"
    }
  ]
}