{
  "total_mobs": 4,
  "simultaneous_mobs": 2,
  "total_mobs_added_per_player": 1.75,
  "simultaneous_mobs_added_per_player": 1.25,
  "spawn_potentials": [
    {
      "weight": 1,
      "data": {
        "entity": {
          "id": "minecraft:vex",
          "life_ticks": 3600,
          "DeathLootTable": "bistro:entities/vex",
          "Tags": [
            "bistro.entity",
            "bistro.ticking",
            "bistro.vex",
            "smithed.entity",
            "smithed.strict"
          ],
          "active_effects": [
            {
              "id": "minecraft:weaving",
              "duration": -1,
              "amplifier": 0,
              "show_particles": true
            }
          ]
        }
      }
    }
  ],
  "loot_tables_to_eject": [
    {
      "weight": 1,
      "data": "bistro:chests/spawner/ominous"
    }
  ]
}