{
    "type": "minecraft:chest",
    "pools": [
      {
        "rolls": 1,
        "bonus_rolls": 0,
        "entries": [
          {
            "type": "minecraft:item",
            "name": "minecraft:enchanted_golden_apple",
            "weight": 3
          },
          {
            "type": "minecraft:item",
            "name": "minecraft:spire_armor_trim_smithing_template",
            "weight": 3
          },
          {
            "type": "minecraft:item",
            "name": "minecraft:globe_banner_pattern",
            "weight": 2
          },
          {
            "type": "minecraft:item",
            "name": "minecraft:music_disc_otherside"
          },
          {
            "type": "minecraft:item",
            "name": "minecraft:end_crystal"
          }
        ]
      }
    ],
    "random_sequence": "minecraft:chests/trial_chambers/reward_ominous_unique"
  }
  