{
    "type": "minecraft:chest",
    "pools": [
      {
        "rolls": 1,
        "bonus_rolls": 0,
        "entries": [
          {
            "type": "minecraft:item",
            "name": "minecraft:emerald",
            "weight": 3,
            "functions": [
              {
                "function": "minecraft:set_count",
                "count": {
                  "type": "minecraft:uniform",
                  "min": 2,
                  "max": 4
                },
                "add": false
              }
            ]
          },
          {
            "type": "minecraft:item",
            "name": "minecraft:bow",
            "weight": 3,
            "functions": [
              {
                "function": "minecraft:enchant_with_levels",
                "levels": {
                  "type": "minecraft:uniform",
                  "min": 5,
                  "max": 15
                },
                "options": "#minecraft:on_random_loot"
              }
            ]
          },
          {
            "type": "minecraft:item",
            "name": "minecraft:crossbow",
            "weight": 2,
            "functions": [
              {
                "function": "minecraft:enchant_with_levels",
                "levels": {
                  "type": "minecraft:uniform",
                  "min": 5,
                  "max": 20
                },
                "options": "#minecraft:on_random_loot"
              }
            ]
          },
          {
            "type": "minecraft:item",
            "name": "minecraft:iron_axe",
            "weight": 2,
            "functions": [
              {
                "function": "minecraft:enchant_with_levels",
                "levels": {
                  "type": "minecraft:uniform",
                  "min": 0,
                  "max": 10
                },
                "options": "#minecraft:on_random_loot"
              }
            ]
          },
          {
            "type": "minecraft:item",
            "name": "minecraft:iron_chestplate",
            "weight": 2,
            "functions": [
              {
                "function": "minecraft:enchant_with_levels",
                "levels": {
                  "type": "minecraft:uniform",
                  "min": 0,
                  "max": 10
                },
                "options": "#minecraft:on_random_loot"
              }
            ]
          },
          {
            "type": "minecraft:item",
            "name": "minecraft:golden_carrot",
            "weight": 2,
            "functions": [
              {
                "function": "minecraft:set_count",
                "count": {
                  "type": "minecraft:uniform",
                  "min": 1,
                  "max": 2
                },
                "add": false
              }
            ]
          },
          {
            "type": "minecraft:item",
            "name": "minecraft:book",
            "weight": 2,
            "functions": [
              {
                "function": "minecraft:enchant_randomly",
                "options": [
                  "minecraft:sharpness",
                  "minecraft:bane_of_arthropods",
                  "minecraft:efficiency",
                  "minecraft:fortune",
                  "minecraft:silk_touch",
                  "minecraft:feather_falling"
                ]
              }
            ]
          },
          {
            "type": "minecraft:item",
            "name": "minecraft:book",
            "weight": 2,
            "functions": [
              {
                "function": "minecraft:enchant_randomly",
                "options": [
                  "minecraft:riptide",
                  "minecraft:loyalty",
                  "minecraft:channeling",
                  "minecraft:impaling",
                  "minecraft:mending"
                ]
              }
            ]
          },
          {
            "type": "minecraft:item",
            "name": "minecraft:diamond_chestplate",
            "functions": [
              {
                "function": "minecraft:enchant_with_levels",
                "levels": {
                  "type": "minecraft:uniform",
                  "min": 5,
                  "max": 15
                },
                "options": "#minecraft:on_random_loot"
              }
            ]
          },
          {
            "type": "minecraft:item",
            "name": "minecraft:diamond_axe",
            "functions": [
              {
                "function": "minecraft:enchant_with_levels",
                "levels": {
                  "type": "minecraft:uniform",
                  "min": 5,
                  "max": 15
                },
                "options": "#minecraft:on_random_loot"
              }
            ]
          }
        ]
      }
    ],
    "random_sequence": "minecraft:chests/trial_chambers/reward_rare"
  }
  