{
    "type": "minecraft:chest",
    "pools": [
      {
        "rolls": 1,
        "bonus_rolls": 0,
        "entries": [
          {
            "type": "minecraft:item",
            "name": "minecraft:emerald_block",
            "weight": 5
          },
          {
            "type": "minecraft:item",
            "name": "minecraft:iron_block",
            "weight": 4
          },
          {
            "type": "minecraft:item",
            "name": "minecraft:crossbow",
            "weight": 4,
            "functions": [
              {
                "function": "minecraft:enchant_with_levels",
                "levels": {
                  "type": "minecraft:uniform",
                  "min": 5,
                  "max": 20
                },
                "options": "#minecraft:on_random_loot"
              }
            ]
          },
          {
            "type": "minecraft:item",
            "name": "minecraft:golden_apple",
            "weight": 3
          },
          {
            "type": "minecraft:item",
            "name": "minecraft:diamond_axe",
            "weight": 3,
            "functions": [
              {
                "function": "minecraft:enchant_with_levels",
                "levels": {
                  "type": "minecraft:uniform",
                  "min": 10,
                  "max": 20
                },
                "options": "#minecraft:on_random_loot"
              }
            ]
          },
          {
            "type": "minecraft:item",
            "name": "minecraft:diamond_chestplate",
            "weight": 3,
            "functions": [
              {
                "function": "minecraft:enchant_with_levels",
                "levels": {
                  "type": "minecraft:uniform",
                  "min": 10,
                  "max": 20
                },
                "options": "#minecraft:on_random_loot"
              }
            ]
          },
          {
            "type": "minecraft:item",
            "name": "minecraft:book",
            "weight": 2,
            "functions": [
              {
                "function": "minecraft:enchant_randomly",
                "options": [
                  "minecraft:knockback",
                  "minecraft:punch",
                  "minecraft:smite",
                  "minecraft:looting",
                  "minecraft:multishot"
                ]
              }
            ]
          },
          {
            "type": "minecraft:item",
            "name": "minecraft:diamond_block"
          }
        ]
      }
    ],
    "random_sequence": "minecraft:chests/trial_chambers/reward_ominous_rare"
  }
  