{
  "fallback": "minecraft:empty",
  "elements": [
    {
      "weight": 6,
      "element": {
        "element_type": "minecraft:single_pool_element",
        "projection": "rigid",
        "location": "bistro:ocean/room/internal/empty_11",
        "override_liquid_settings": "apply_waterlogging",
        "processors": "minecraft:empty"
      }
    },
    {
      "weight": 6,
      "element": {
        "element_type": "minecraft:single_pool_element",
        "projection": "rigid",
        "location": "bistro:ocean/room/internal/empty_11_flooded",
        "override_liquid_settings": "apply_waterlogging",
        "processors": "bistro:ocean/flooded"
      }
    },
    {
      "weight": 3,
      "element": {
        "element_type": "minecraft:single_pool_element",
        "projection": "rigid",
        "location": "bistro:ocean/room/internal/burial",
        "override_liquid_settings": "apply_waterlogging",
        "processors": "minecraft:empty"
      }
    },
    {
      "weight": 3,
      "element": {
        "element_type": "minecraft:single_pool_element",
        "projection": "rigid",
        "location": "bistro:ocean/room/internal/burial_flooded",
        "override_liquid_settings": "apply_waterlogging",
        "processors": "bistro:ocean/flooded"
      }
    },
    {
      "weight": 5,
      "element": {
        "element_type": "minecraft:single_pool_element",
        "projection": "rigid",
        "location": "bistro:ocean/room/internal/platform",
        "override_liquid_settings": "apply_waterlogging",
        "processors": "minecraft:empty"
      }
    },
    {
      "weight": 5,
      "element": {
        "element_type": "minecraft:single_pool_element",
        "projection": "rigid",
        "location": "bistro:ocean/room/internal/platform_flooded",
        "override_liquid_settings": "apply_waterlogging",
        "processors": "bistro:ocean/flooded"
      }
    },
    {
      "weight": 1,
      "element": {
        "element_type": "minecraft:single_pool_element",
        "projection": "rigid",
        "location": "bistro:ocean/room/internal/ice",
        "override_liquid_settings": "apply_waterlogging",
        "processors": "minecraft:empty"
      }
    },
    {
      "weight": 1,
      "element": {
        "element_type": "minecraft:single_pool_element",
        "projection": "rigid",
        "location": "bistro:ocean/room/internal/ice_flooded",
        "override_liquid_settings": "apply_waterlogging",
        "processors": "bistro:ocean/flooded"
      }
    },
    {
      "weight": 2,
      "element": {
        "element_type": "minecraft:single_pool_element",
        "projection": "rigid",
        "location": "bistro:ocean/room/internal/huge_vault",
        "override_liquid_settings": "apply_waterlogging",
        "processors": "minecraft:empty"
      }
    },
    {
      "weight": 2,
      "element": {
        "element_type": "minecraft:single_pool_element",
        "projection": "rigid",
        "location": "bistro:ocean/room/internal/huge_vault_flooded",
        "override_liquid_settings": "apply_waterlogging",
        "processors": "bistro:ocean/flooded"
      }
    }
  ]
}
