{
  "fallback": "minecraft:empty",
  "elements": [
    {
      "weight": 6,
      "element": {
        "element_type": "minecraft:single_pool_element",
        "projection": "rigid",
        "location": "bistro:ocean/room/internal/empty_13",
        "override_liquid_settings": "apply_waterlogging",
        "processors": "minecraft:empty"
      }
    },
    {
      "weight": 6,
      "element": {
        "element_type": "minecraft:single_pool_element",
        "projection": "rigid",
        "location": "bistro:ocean/room/internal/empty_13_flooded",
        "override_liquid_settings": "apply_waterlogging",
        "processors": "bistro:ocean/flooded"
      }
    },
    {
      "weight": 1,
      "element": {
        "element_type": "minecraft:single_pool_element",
        "projection": "rigid",
        "location": "bistro:ocean/room/internal/gold",
        "override_liquid_settings": "apply_waterlogging",
        "processors": "minecraft:empty"
      }
    },
    {
      "weight": 1,
      "element": {
        "element_type": "minecraft:single_pool_element",
        "projection": "rigid",
        "location": "bistro:ocean/room/internal/gold_flooded",
        "override_liquid_settings": "apply_waterlogging",
        "processors": "bistro:ocean/flooded"
      }
    },
    {
      "weight": 5,
      "element": {
        "element_type": "minecraft:single_pool_element",
        "projection": "rigid",
        "location": "bistro:ocean/room/internal/pillar",
        "override_liquid_settings": "apply_waterlogging",
        "processors": "minecraft:empty"
      }
    },
    {
      "weight": 5,
      "element": {
        "element_type": "minecraft:single_pool_element",
        "projection": "rigid",
        "location": "bistro:ocean/room/internal/pillar_flooded",
        "override_liquid_settings": "apply_waterlogging",
        "processors": "bistro:ocean/flooded"
      }
    },
    {
      "weight": 3,
      "element": {
        "element_type": "minecraft:single_pool_element",
        "projection": "rigid",
        "location": "bistro:ocean/room/internal/sand",
        "override_liquid_settings": "apply_waterlogging",
        "processors": "minecraft:empty"
      }
    },
    {
      "weight": 3,
      "element": {
        "element_type": "minecraft:single_pool_element",
        "projection": "rigid",
        "location": "bistro:ocean/room/internal/sand_flooded",
        "override_liquid_settings": "apply_waterlogging",
        "processors": "bistro:ocean/flooded"
      }
    },
    {
      "weight": 2,
      "element": {
        "element_type": "minecraft:single_pool_element",
        "projection": "rigid",
        "location": "bistro:ocean/room/internal/reactor",
        "override_liquid_settings": "apply_waterlogging",
        "processors": "bistro:ocean/reactor"
      }
    },
    {
      "weight": 2,
      "element": {
        "element_type": "minecraft:single_pool_element",
        "projection": "rigid",
        "location": "bistro:ocean/room/internal/reactor_flooded",
        "override_liquid_settings": "apply_waterlogging",
        "processors": "bistro:ocean/reactor"
      }
    }
  ]
}
