{
  "fallback": "minecraft:empty",
  "elements": [
    {
      "weight": 6,
      "element": {
        "element_type": "minecraft:empty_pool_element"
      }
    },
    {
      "weight": 3,
      "element": {
        "element_type": "minecraft:single_pool_element",
        "projection": "rigid",
        "location": "bistro:ocean/room/internal/coral_flooded",
        "override_liquid_settings": "apply_waterlogging",
        "processors": "bistro:ocean/coral"
      }
    },
    {
      "weight": 1,
      "element": {
        "element_type": "minecraft:single_pool_element",
        "projection": "rigid",
        "location": "bistro:ocean/room/internal/sponge_flooded",
        "override_liquid_settings": "apply_waterlogging",
        "processors": "bistro:ocean/sponge"
      }
    }
  ]
}
