{
  "fallback": "minecraft:empty",
  "elements": [
    {
      "weight": 6,
      "element": {
        "element_type": "minecraft:empty_pool_element"
      }
    },
    {
      "weight": 4,
      "element": {
        "element_type": "minecraft:single_pool_element",
        "projection": "rigid",
        "location": "bistro:ocean/room/internal/conduit",
        "override_liquid_settings": "apply_waterlogging",
        "processors": "minecraft:empty"
      }
    },
    {
      "weight": 4,
      "element": {
        "element_type": "minecraft:single_pool_element",
        "projection": "rigid",
        "location": "bistro:ocean/room/internal/conduit_flooded",
        "override_liquid_settings": "apply_waterlogging",
        "processors": "bistro:ocean/flooded"
      }
    },
    {
      "weight": 5,
      "element": {
        "element_type": "minecraft:single_pool_element",
        "projection": "rigid",
        "location": "bistro:ocean/room/internal/soul",
        "override_liquid_settings": "apply_waterlogging",
        "processors": "minecraft:empty"
      }
    },
    {
      "weight": 5,
      "element": {
        "element_type": "minecraft:single_pool_element",
        "projection": "rigid",
        "location": "bistro:ocean/room/internal/soul_flooded",
        "override_liquid_settings": "apply_waterlogging",
        "processors": "bistro:ocean/flooded"
      }
    },
    {
      "weight": 2,
      "element": {
        "element_type": "minecraft:single_pool_element",
        "projection": "rigid",
        "location": "bistro:ocean/room/internal/amethyst",
        "override_liquid_settings": "apply_waterlogging",
        "processors": "minecraft:empty"
      }
    },
    {
      "weight": 2,
      "element": {
        "element_type": "minecraft:single_pool_element",
        "projection": "rigid",
        "location": "bistro:ocean/room/internal/amethyst_flooded",
        "override_liquid_settings": "apply_waterlogging",
        "processors": "bistro:ocean/flooded"
      }
    },
    {
      "weight": 3,
      "element": {
        "element_type": "minecraft:single_pool_element",
        "projection": "rigid",
        "location": "bistro:ocean/room/internal/bars",
        "override_liquid_settings": "apply_waterlogging",
        "processors": "minecraft:empty"
      }
    },
    {
      "weight": 3,
      "element": {
        "element_type": "minecraft:single_pool_element",
        "projection": "rigid",
        "location": "bistro:ocean/room/internal/bars_flooded",
        "override_liquid_settings": "apply_waterlogging",
        "processors": "bistro:ocean/flooded"
      }
    }
  ]
}
