{
    "fallback": "bistro:jungle/portal",
    "elements": [
      {
        "weight": 11,
        "element": {
          "element_type": "minecraft:single_pool_element",
          "projection": "rigid",
          "location": "bistro:jungle/jigsaws/small/t1_s2_v1",
          "processors": "bistro:jungle/jungle_moss"
        }
      },
      {
        "weight": 11,
        "element": {
          "element_type": "minecraft:single_pool_element",
          "projection": "rigid",
          "location": "bistro:jungle/jigsaws/small/t1_s2_v2",
          "processors": "bistro:jungle/jungle_moss"
        }
      },
      {
        "weight": 11,
        "element": {
          "element_type": "minecraft:single_pool_element",
          "projection": "rigid",
          "location": "bistro:jungle/jigsaws/small/t1_s2_v3",
          "processors": "bistro:jungle/jungle_moss"
        }
      },
      {
        "weight": 14,
        "element": {
          "element_type": "minecraft:single_pool_element",
          "projection": "rigid",
          "location": "bistro:jungle/jigsaws/medium/t1_s2_v1",
          "processors": "bistro:jungle/jungle_moss"
        }
      },
      {
        "weight": 14,
        "element": {
          "element_type": "minecraft:single_pool_element",
          "projection": "rigid",
          "location": "bistro:jungle/jigsaws/medium/t1_s2_v2",
          "processors": "bistro:jungle/jungle_moss"
        }
      },
      {
        "weight": 14,
        "element": {
          "element_type": "minecraft:single_pool_element",
          "projection": "rigid",
          "location": "bistro:jungle/jigsaws/medium/t1_s2_v3",
          "processors": "bistro:jungle/jungle_moss"
        }
      },
      {
        "weight": 5,
        "element": {
          "element_type": "minecraft:single_pool_element",
          "projection": "rigid",
          "location": "bistro:jungle/jigsaws/large/t1_s2_v1",
          "processors": "bistro:jungle/jungle_moss"
        }
      },
      {
        "weight": 5,
        "element": {
          "element_type": "minecraft:single_pool_element",
          "projection": "rigid",
          "location": "bistro:jungle/jigsaws/large/t1_s2_v2",
          "processors": "bistro:jungle/jungle_moss"
        }
      },
      {
        "weight": 50,
        "element": {
          "element_type": "minecraft:single_pool_element",
          "projection": "rigid",
          "location": "bistro:jungle/complex/portal",
          "processors": "bistro:jungle/jungle_moss"
        }
      },
      {
        "weight": 2,
        "element": {
          "element_type": "minecraft:list_pool_element",
          "projection": "rigid",
          "elements": [
            {
              "element_type": "minecraft:single_pool_element",
              "projection": "rigid",
              "location": "bistro:jungle/jigsaws/left_stair/t1_s2",
              "processors": "minecraft:empty"
            },
            {
              "element_type": "minecraft:single_pool_element",
              "projection": "rigid",
              "location": "bistro:jungle/corridor/downward_stair_left",
              "processors": "bistro:jungle/jungle_moss"
            }
          ]
        }
      },
      {
        "weight": 2,
        "element": {
          "element_type": "minecraft:list_pool_element",
          "projection": "rigid",
          "elements": [
            {
              "element_type": "minecraft:single_pool_element",
              "projection": "rigid",
              "location": "bistro:jungle/jigsaws/right_stair/t1_s2",
              "processors": "minecraft:empty"
            },
            {
              "element_type": "minecraft:single_pool_element",
              "projection": "rigid",
              "location": "bistro:jungle/corridor/downward_stair_right",
              "processors": "bistro:jungle/jungle_moss"
            }
          ]
        }
      }
    ]
  }
  