{
  "fallback": "minecraft:empty",
  "elements": [
    {
      "weight": 1,
      "element": {
        "element_type": "minecraft:list_pool_element",
        "projection": "rigid",
        "elements": [
          {
            "element_type": "minecraft:single_pool_element",
            "projection": "rigid",
            "location": "bistro:desert/jigsaws/small/t1_s1_v1",
            "processors": "bistro:desert/desert_decay"
          },
          {
            "element_type": "minecraft:single_pool_element",
            "projection": "rigid",
            "location": "bistro:desert/complex/small",
            "processors": "bistro:desert/desert_decay"
          }
        ]
      }
    },
    {
      "weight": 1,
      "element": {
        "element_type": "minecraft:list_pool_element",
        "projection": "rigid",
        "elements": [
          {
            "element_type": "minecraft:single_pool_element",
            "projection": "rigid",
            "location": "bistro:desert/jigsaws/small/t1_s1_v2",
            "processors": "bistro:desert/desert_decay"
          },
          {
            "element_type": "minecraft:single_pool_element",
            "projection": "rigid",
            "location": "bistro:desert/complex/small",
            "processors": "bistro:desert/desert_decay"
          }
        ]
      }
    },
    {
      "weight": 1,
      "element": {
        "element_type": "minecraft:list_pool_element",
        "projection": "rigid",
        "elements": [
          {
            "element_type": "minecraft:single_pool_element",
            "projection": "rigid",
            "location": "bistro:desert/jigsaws/small/t1_s1_v3",
            "processors": "bistro:desert/desert_decay"
          },
          {
            "element_type": "minecraft:single_pool_element",
            "projection": "rigid",
            "location": "bistro:desert/complex/small",
            "processors": "bistro:desert/desert_decay"
          }
        ]
      }
    },
    {
      "weight": 1,
      "element": {
        "element_type": "minecraft:list_pool_element",
        "projection": "rigid",
        "elements": [
          {
            "element_type": "minecraft:single_pool_element",
            "projection": "rigid",
            "location": "bistro:desert/jigsaws/medium/t1_s1_v1",
            "processors": "bistro:desert/desert_decay"
          },
          {
            "element_type": "minecraft:single_pool_element",
            "projection": "rigid",
            "location": "bistro:desert/complex/medium",
            "processors": "bistro:desert/desert_decay"
          }
        ]
      }
    },
    {
      "weight": 1,
      "element": {
        "element_type": "minecraft:list_pool_element",
        "projection": "rigid",
        "elements": [
          {
            "element_type": "minecraft:single_pool_element",
            "projection": "rigid",
            "location": "bistro:desert/jigsaws/medium/t1_s1_v2",
            "processors": "bistro:desert/desert_decay"
          },
          {
            "element_type": "minecraft:single_pool_element",
            "projection": "rigid",
            "location": "bistro:desert/complex/medium",
            "processors": "bistro:desert/desert_decay"
          }
        ]
      }
    },
    {
      "weight": 1,
      "element": {
        "element_type": "minecraft:list_pool_element",
        "projection": "rigid",
        "elements": [
          {
            "element_type": "minecraft:single_pool_element",
            "projection": "rigid",
            "location": "bistro:desert/jigsaws/large/t1_s1_v1",
            "processors": "bistro:desert/desert_decay"
          },
          {
            "element_type": "minecraft:single_pool_element",
            "projection": "rigid",
            "location": "bistro:desert/complex/large",
            "processors": "bistro:desert/desert_decay"
          }
        ]
      }
    },
    {
      "weight": 1,
      "element": {
        "element_type": "minecraft:list_pool_element",
        "projection": "rigid",
        "elements": [
          {
            "element_type": "minecraft:single_pool_element",
            "projection": "rigid",
            "location": "bistro:desert/jigsaws/large/t1_s1_v2",
            "processors": "bistro:desert/desert_decay"
          },
          {
            "element_type": "minecraft:single_pool_element",
            "projection": "rigid",
            "location": "bistro:desert/complex/large",
            "processors": "bistro:desert/desert_decay"
          }
        ]
      }
    }
  ]
}
