{
    "fallback": "bistro:ice/portal",
    "elements": [
      {
        "weight": 3,
        "element": {
          "element_type": "minecraft:list_pool_element",
          "projection": "rigid",
          "elements": [
            {
              "element_type": "minecraft:single_pool_element",
              "projection": "rigid",
              "location": "bistro:ice/jigsaws/downward_stair/t1_s2",
              "processors": "bistro:ice/ice_decay"
            },
            {
              "element_type": "minecraft:single_pool_element",
              "projection": "rigid",
              "location": "bistro:ice/corridor/downward_stair",
              "processors": "bistro:ice/ice_decay"
            }
          ]
        }
      },
      {
        "weight": 4,
        "element": {
          "element_type": "minecraft:single_pool_element",
          "projection": "rigid",
          "location": "bistro:ice/jigsaws/corridor/basic_t1_s2",
          "processors": "bistro:ice/ice_decay"
        }
      },
      {
        "weight": 5,
        "element": {
          "element_type": "minecraft:list_pool_element",
          "projection": "rigid",
          "elements": [
            {
              "element_type": "minecraft:single_pool_element",
              "projection": "rigid",
              "location": "bistro:ice/jigsaws/ice_cave/s2_v1",
              "processors": "bistro:ice/ice_cave"
            },
            {
              "element_type": "minecraft:single_pool_element",
              "projection": "rigid",
              "location": "bistro:ice/complex/ice_cave",
              "processors": "bistro:ice/ice_cave"
            }
          ]
        }
      },
      {
        "weight": 5,
        "element": {
          "element_type": "minecraft:list_pool_element",
          "projection": "rigid",
          "elements": [
            {
              "element_type": "minecraft:single_pool_element",
              "projection": "rigid",
              "location": "bistro:ice/jigsaws/ice_cave/s2_v2",
              "processors": "bistro:ice/ice_cave"
            },
            {
              "element_type": "minecraft:single_pool_element",
              "projection": "rigid",
              "location": "bistro:ice/complex/ice_cave",
              "processors": "bistro:ice/ice_cave"
            }
          ]
        }
      },
      {
        "weight": 5,
        "element": {
          "element_type": "minecraft:list_pool_element",
          "projection": "rigid",
          "elements": [
            {
              "element_type": "minecraft:single_pool_element",
              "projection": "rigid",
              "location": "bistro:ice/jigsaws/ice_cave/s2_v3",
              "processors": "bistro:ice/ice_cave"
            },
            {
              "element_type": "minecraft:single_pool_element",
              "projection": "rigid",
              "location": "bistro:ice/complex/ice_cave",
              "processors": "bistro:ice/ice_cave"
            }
          ]
        }
      },
      {
        "weight": 5,
        "element": {
          "element_type": "minecraft:list_pool_element",
          "projection": "rigid",
          "elements": [
            {
              "element_type": "minecraft:single_pool_element",
              "projection": "rigid",
              "location": "bistro:ice/jigsaws/great_hall/s2_v1",
              "processors": "bistro:ice/ice_decay"
            },
            {
              "element_type": "minecraft:single_pool_element",
              "projection": "rigid",
              "location": "bistro:ice/complex/great_hall",
              "processors": "bistro:ice/ice_decay"
            }
          ]
        }
      },
      {
        "weight": 5,
        "element": {
          "element_type": "minecraft:list_pool_element",
          "projection": "rigid",
          "elements": [
            {
              "element_type": "minecraft:single_pool_element",
              "projection": "rigid",
              "location": "bistro:ice/jigsaws/great_hall/s2_v2",
              "processors": "bistro:ice/ice_decay"
            },
            {
              "element_type": "minecraft:single_pool_element",
              "projection": "rigid",
              "location": "bistro:ice/complex/great_hall",
              "processors": "bistro:ice/ice_decay"
            }
          ]
        }
      },
      {
        "weight": 5,
        "element": {
          "element_type": "minecraft:list_pool_element",
          "projection": "rigid",
          "elements": [
            {
              "element_type": "minecraft:single_pool_element",
              "projection": "rigid",
              "location": "bistro:ice/jigsaws/great_hall/s2_v3",
              "processors": "bistro:ice/ice_decay"
            },
            {
              "element_type": "minecraft:single_pool_element",
              "projection": "rigid",
              "location": "bistro:ice/complex/great_hall",
              "processors": "bistro:ice/ice_decay"
            }
          ]
        }
      },
      {
        "weight": 28,
        "element": {
          "element_type": "minecraft:list_pool_element",
          "projection": "rigid",
          "elements": [
            {
              "element_type": "minecraft:single_pool_element",
              "projection": "rigid",
              "location": "bistro:ice/jigsaws/throne_room/s2_v1",
              "processors": "bistro:ice/ice_decay"
            },
            {
              "element_type": "minecraft:single_pool_element",
              "projection": "rigid",
              "location": "bistro:ice/complex/throne_room",
              "processors": "bistro:ice/ice_decay"
            }
          ]
        }
      },
      {
        "weight": 28,
        "element": {
          "element_type": "minecraft:list_pool_element",
          "projection": "rigid",
          "elements": [
            {
              "element_type": "minecraft:single_pool_element",
              "projection": "rigid",
              "location": "bistro:ice/jigsaws/throne_room/s2_v2",
              "processors": "bistro:ice/ice_decay"
            },
            {
              "element_type": "minecraft:single_pool_element",
              "projection": "rigid",
              "location": "bistro:ice/complex/throne_room",
              "processors": "bistro:ice/ice_decay"
            }
          ]
        }
      },
      {
        "weight": 28,
        "element": {
          "element_type": "minecraft:list_pool_element",
          "projection": "rigid",
          "elements": [
            {
              "element_type": "minecraft:single_pool_element",
              "projection": "rigid",
              "location": "bistro:ice/jigsaws/throne_room/s2_v3",
              "processors": "bistro:ice/ice_decay"
            },
            {
              "element_type": "minecraft:single_pool_element",
              "projection": "rigid",
              "location": "bistro:ice/complex/throne_room",
              "processors": "bistro:ice/ice_decay"
            }
          ]
        }
      },
      {
        "weight": 14,
        "element": {
          "element_type": "minecraft:list_pool_element",
          "projection": "rigid",
          "elements": [
            {
              "element_type": "minecraft:single_pool_element",
              "projection": "rigid",
              "location": "bistro:ice/jigsaws/garden/s2_v1",
              "processors": "bistro:ice/ice_decay"
            },
            {
              "element_type": "minecraft:single_pool_element",
              "projection": "rigid",
              "location": "bistro:ice/complex/garden",
              "processors": "bistro:ice/ice_decay"
            }
          ]
        }
      },
      {
        "weight": 14,
        "element": {
          "element_type": "minecraft:list_pool_element",
          "projection": "rigid",
          "elements": [
            {
              "element_type": "minecraft:single_pool_element",
              "projection": "rigid",
              "location": "bistro:ice/jigsaws/garden/s2_v2",
              "processors": "bistro:ice/ice_decay"
            },
            {
              "element_type": "minecraft:single_pool_element",
              "projection": "rigid",
              "location": "bistro:ice/complex/garden",
              "processors": "bistro:ice/ice_decay"
            }
          ]
        }
      },
      {
        "weight": 14,
        "element": {
          "element_type": "minecraft:list_pool_element",
          "projection": "rigid",
          "elements": [
            {
              "element_type": "minecraft:single_pool_element",
              "projection": "rigid",
              "location": "bistro:ice/jigsaws/garden/s2_v3",
              "processors": "bistro:ice/ice_decay"
            },
            {
              "element_type": "minecraft:single_pool_element",
              "projection": "rigid",
              "location": "bistro:ice/complex/garden",
              "processors": "bistro:ice/ice_decay"
            }
          ]
        }
      },
      {
        "weight": 14,
        "element": {
          "element_type": "minecraft:list_pool_element",
          "projection": "rigid",
          "elements": [
            {
              "element_type": "minecraft:single_pool_element",
              "projection": "rigid",
              "location": "bistro:ice/jigsaws/prison/s2_v1",
              "processors": "bistro:ice/ice_decay"
            },
            {
              "element_type": "minecraft:single_pool_element",
              "projection": "rigid",
              "location": "bistro:ice/complex/prison",
              "processors": "bistro:ice/ice_decay"
            }
          ]
        }
      },
      {
        "weight": 14,
        "element": {
          "element_type": "minecraft:list_pool_element",
          "projection": "rigid",
          "elements": [
            {
              "element_type": "minecraft:single_pool_element",
              "projection": "rigid",
              "location": "bistro:ice/jigsaws/prison/s2_v2",
              "processors": "bistro:ice/ice_decay"
            },
            {
              "element_type": "minecraft:single_pool_element",
              "projection": "rigid",
              "location": "bistro:ice/complex/prison",
              "processors": "bistro:ice/ice_decay"
            }
          ]
        }
      },
      {
        "weight": 14,
        "element": {
          "element_type": "minecraft:list_pool_element",
          "projection": "rigid",
          "elements": [
            {
              "element_type": "minecraft:single_pool_element",
              "projection": "rigid",
              "location": "bistro:ice/jigsaws/prison/s2_v3",
              "processors": "bistro:ice/ice_decay"
            },
            {
              "element_type": "minecraft:single_pool_element",
              "projection": "rigid",
              "location": "bistro:ice/complex/prison",
              "processors": "bistro:ice/ice_decay"
            }
          ]
        }
      },
      {
        "weight": 11,
        "element": {
          "element_type": "minecraft:list_pool_element",
          "projection": "rigid",
          "elements": [
            {
              "element_type": "minecraft:single_pool_element",
              "projection": "rigid",
              "location": "bistro:ice/jigsaws/catacombs/s2_v1",
              "processors": "bistro:ice/ice_decay"
            },
            {
              "element_type": "minecraft:single_pool_element",
              "projection": "rigid",
              "location": "bistro:ice/complex/catacombs",
              "processors": "bistro:ice/ice_decay"
            }
          ]
        }
      },
      {
        "weight": 11,
        "element": {
          "element_type": "minecraft:list_pool_element",
          "projection": "rigid",
          "elements": [
            {
              "element_type": "minecraft:single_pool_element",
              "projection": "rigid",
              "location": "bistro:ice/jigsaws/catacombs/s2_v2",
              "processors": "bistro:ice/ice_decay"
            },
            {
              "element_type": "minecraft:single_pool_element",
              "projection": "rigid",
              "location": "bistro:ice/complex/catacombs",
              "processors": "bistro:ice/ice_decay"
            }
          ]
        }
      },
      {
        "weight": 11,
        "element": {
          "element_type": "minecraft:list_pool_element",
          "projection": "rigid",
          "elements": [
            {
              "element_type": "minecraft:single_pool_element",
              "projection": "rigid",
              "location": "bistro:ice/jigsaws/catacombs/s2_v3",
              "processors": "bistro:ice/ice_decay"
            },
            {
              "element_type": "minecraft:single_pool_element",
              "projection": "rigid",
              "location": "bistro:ice/complex/catacombs",
              "processors": "bistro:ice/ice_decay"
            }
          ]
        }
      },
      {
        "weight": 2,
        "element": {
          "element_type": "minecraft:list_pool_element",
          "projection": "rigid",
          "elements": [
            {
              "element_type": "minecraft:single_pool_element",
              "projection": "rigid",
              "location": "bistro:ice/jigsaws/left_stair/t1_s2",
              "processors": "bistro:ice/ice_decay"
            },
            {
              "element_type": "minecraft:single_pool_element",
              "projection": "rigid",
              "location": "bistro:ice/corridor/downward_stair_left",
              "processors": "bistro:ice/ice_decay"
            }
          ]
        }
      },
      {
        "weight": 2,
        "element": {
          "element_type": "minecraft:list_pool_element",
          "projection": "rigid",
          "elements": [
            {
              "element_type": "minecraft:single_pool_element",
              "projection": "rigid",
              "location": "bistro:ice/jigsaws/right_stair/t1_s2",
              "processors": "bistro:ice/ice_decay"
            },
            {
              "element_type": "minecraft:single_pool_element",
              "projection": "rigid",
              "location": "bistro:ice/corridor/downward_stair_right",
              "processors": "bistro:ice/ice_decay"
            }
          ]
        }
      }
    ]
  }
  