{
  "total_mobs": 3,
  "simultaneous_mobs": 2.5,
  "total_mobs_added_per_player": 2.5,
  "simultaneous_mobs_added_per_player": 1.5,
  "spawn_potentials": [
    {
      "weight": 1,
      "data": {
        "entity": {
          "id": "minecraft:breeze",
          "DeathLootTable": "bistro:entities/breeze",
          "Tags": [
            "bistro.entity",
            "bistro.ticking",
            "bistro.sandstorm",
            "smithed.entity",
            "smithed.strict"
          ],
          "attributes": [
            {
              "id": "minecraft:scale",
              "base": 1.25
            }
          ]
        }
      }
    }
  ],
  "loot_tables_to_eject": [
    {
      "weight": 1,
      "data": "bistro:chests/spawner/ominous"
    }
  ]
}