{
  "total_mobs": 6,
  "simultaneous_mobs": 2.5,
  "total_mobs_added_per_player": 2.5,
  "simultaneous_mobs_added_per_player": 1.5,
  "spawn_potentials": [
    {
      "weight": 1,
      "data": {
        "entity": {
          "id": "minecraft:skeleton",
          "active_effects": [
            {
              "id": "minecraft:weaving",
              "duration": -1,
              "show_particles": true,
              "amplifier": 0
            }
          ]
        },
        "equipment": {
          "loot_table": "bistro:equipment/desert_skeleton_ominous",
          "slot_drop_chances": 0.0
        }
      }
    }
  ],
  "loot_tables_to_eject": [
    {
      "weight": 1,
      "data": "bistro:chests/spawner/ominous"
    }
  ]
}