{
  "processors": [
    {
      "processor_type": "minecraft:rule",
      "rules": [
        {
          "location_predicate": {
            "predicate_type": "minecraft:block_match",
            "block": "minecraft:amethyst_block"
          },
          "input_predicate": {
            "predicate_type": "minecraft:always_true"
          },
          "output_state": {
            "Name": "minecraft:amethyst_block"
          }
        },
        {
          "location_predicate": {
            "predicate_type": "minecraft:always_true"
          },
          "input_predicate": {
            "predicate_type": "minecraft:random_block_match",
            "block": "minecraft:amethyst_block",
            "probability": 0.1
          },
          "output_state": {
            "Name": "minecraft:budding_amethyst"
          }
        }
      ]
    }
  ]
}