{
  "processors": [
    {
      "processor_type": "minecraft:rule",
      "rules": [
        {
          "location_predicate": {
            "predicate_type": "minecraft:always_true"
          },
          "input_predicate": {
            "predicate_type": "minecraft:random_block_match",
            "block": "minecraft:obsidian",
            "probability": 0.15
          },
          "output_state": {
            "Name": "minecraft:deepslate_diamond_ore"
          }
        }
      ]
    },
    {
      "processor_type": "minecraft:rule",
      "rules": [
        {
          "location_predicate": {
            "predicate_type": "minecraft:always_true"
          },
          "input_predicate": {
            "predicate_type": "minecraft:random_block_match",
            "block": "minecraft:obsidian",
            "probability": 0.25
          },
          "output_state": {
            "Name": "minecraft:magma_block"
          }
        }
      ]
    },
    {
      "processor_type": "minecraft:rule",
      "rules": [
        {
          "location_predicate": {
            "predicate_type": "minecraft:always_true"
          },
          "input_predicate": {
            "predicate_type": "minecraft:random_block_match",
            "block": "minecraft:magma_block",
            "probability": 0.25
          },
          "output_state": {
            "Name": "minecraft:structure_void"
          }
        }
      ]
    }
  ]
}
