{
  "processors": [
    {
      "processor_type": "minecraft:rule",
      "rules": [
        {
          "location_predicate": {
            "predicate_type": "minecraft:always_true"
          },
          "input_predicate": {
            "predicate_type": "minecraft:block_match",
            "block": "minecraft:blue_stained_glass"
          },
          "output_state": {
            "Name": "minecraft:water",
            "Properties": {
              "level": "0"
            }
          }
        },
        {
          "location_predicate": {
            "predicate_type": "minecraft:always_true"
          },
          "input_predicate": {
            "predicate_type": "minecraft:block_match",
            "block": "minecraft:light_blue_stained_glass"
          },
          "output_state": {
            "Name": "minecraft:water",
            "Properties": {
              "level": "8"
            }
          }
        }
      ]
    },
    {
      "processor_type": "minecraft:rule",
      "rules": [
        {
          "location_predicate": {
            "predicate_type": "minecraft:always_true"
          },
          "input_predicate": {
            "predicate_type": "minecraft:random_block_match",
            "block": "minecraft:wet_sponge",
            "probability": 0.25
          },
          "output_state": {
            "Name": "minecraft:water",
            "Properties": {
              "level": "0"
            }
          }
        }
      ]
    }
  ]
}
