{
  "processors": [
    {
      "processor_type": "minecraft:rule",
      "rules": [
        {
          "location_predicate": {
            "predicate_type": "minecraft:always_true"
          },
          "input_predicate": {
            "predicate_type": "minecraft:random_block_match",
            "block": "minecraft:end_portal_frame",
            "probability": 0.1
          },
          "output_state": {
            "Name": "minecraft:end_portal_frame",
            "Properties": {
              "eye": "true"
            }
          }
        }
      ]
    },
    {
      "processor_type": "minecraft:rule",
      "rules": [
        {
          "location_predicate": {
            "predicate_type": "minecraft:always_true"
          },
          "input_predicate": {
            "predicate_type": "minecraft:random_block_match",
            "block": "minecraft:deepslate_bricks",
            "probability": 0.275
          },
          "output_state": {
            "Name": "minecraft:cracked_deepslate_bricks"
          }
        },
        {
          "location_predicate": {
            "predicate_type": "minecraft:always_true"
          },
          "input_predicate": {
            "predicate_type": "minecraft:random_block_match",
            "block": "minecraft:deepslate_tiles",
            "probability": 0.275
          },
          "output_state": {
            "Name": "minecraft:cracked_deepslate_tiles"
          }
        },
        {
          "location_predicate": {
            "predicate_type": "minecraft:always_true"
          },
          "input_predicate": {
            "predicate_type": "minecraft:random_block_match",
            "block": "minecraft:polished_andesite",
            "probability": 0.2
          },
          "output_state": {
            "Name": "minecraft:packed_ice"
          }
        },
        {
          "location_predicate": {
            "predicate_type": "minecraft:always_true"
          },
          "input_predicate": {
            "predicate_type": "minecraft:random_block_match",
            "block": "minecraft:polished_andesite",
            "probability": 0.1
          },
          "output_state": {
            "Name": "minecraft:snow_block"
          }
        },
        {
          "location_predicate": {
            "predicate_type": "minecraft:always_true"
          },
          "input_predicate": {
            "predicate_type": "minecraft:random_block_match",
            "block": "minecraft:polished_andesite",
            "probability": 0.05
          },
          "output_state": {
            "Name": "minecraft:powder_snow"
          }
        }
      ]
    }
  ]
}
