{
    "type": "minecraft:chest",
    "pools": [
      {
        "rolls": 1,
        "entries": [
          {
            "type": "minecraft:item",
            "name": "minecraft:gold_ingot",
            "weight": 20,
            "functions": [
              {
                "function": "minecraft:set_count",
                "count": {
                  "min": 3,
                  "max": 8
                }
              }
            ]
          },
          {
            "type": "minecraft:item",
            "name": "minecraft:splash_potion",
            "weight": 12,
            "functions": [
              {
                "function": "minecraft:set_potion",
                "id": "minecraft:poison"
              }
            ]
          },
          {
            "type": "minecraft:item",
            "name": "minecraft:tnt",
            "weight": 8,
            "functions": [
              {
                "function": "minecraft:set_count",
                "count": {
                  "min": 2,
                  "max": 6
                }
              }
            ]
          },
          {
            "type": "minecraft:item",
            "name": "minecraft:experience_bottle",
            "weight": 8
          },
          {
            "type": "minecraft:item",
            "name": "minecraft:enchanted_golden_apple"
          }
        ]
      }
    ],
    "random_sequence": "minecraft:chests/stronghold_corridor"
  }
  