{
  "criteria": {
    "requirement": {
      "trigger": "minecraft:item_used_on_block",
      "conditions": {
        "player": [],
        "location": [
          {
            "condition": "minecraft:all_of",
            "terms": [
              {
                "condition": "minecraft:match_tool",
                "predicate": {
                  "items": "minecraft:brush"
                }
              },
              {
                "condition": "minecraft:any_of",
                "terms": [
                  {
                    "condition": "minecraft:block_state_property",
                    "block": "minecraft:suspicious_gravel",
                    "properties": {}
                  },
                  {
                    "condition": "minecraft:block_state_property",
                    "block": "minecraft:suspicious_sand",
                    "properties": {}
                  }
                ]
              }
            ]
          }
        ]
      }
    }
  },
  "rewards": {
    "function": "hsj:eyes/archaic/loot/setup"
  }
}
