{
  "criteria": {
    "requirement": {
      "trigger": "minecraft:item_used_on_block",
      "conditions": {
        "player": [],
        "location": [
          {
            "condition": "minecraft:all_of",
            "terms": [
              {
                "condition": "minecraft:match_tool",
                "predicate": {
                  "items": "minecraft:ominous_trial_key"
                }
              },
              {
                "condition": "minecraft:block_state_property",
                "block": "minecraft:vault"
              }
            ]
          }
        ]
      }
    }
  },
  "rewards": {
    "function": "hsj:eyes/ominous/loot/setup"
  }
}
