{
  "total_mobs": 3,
  "simultaneous_mobs": 3,
  "total_mobs_added_per_player": 1,
  "simultaneous_mobs_added_per_player": 0.5,
  "spawn_potentials": [
    {
      "weight": 1,
      "data": {
        "entity": {
          "id": "minecraft:phantom",
          "Tags": ["bistro.entity","bistro.ticking","bistro.phantom","smithed.entity","smithed.strict"],
          "attributes": [
            {
              "id": "minecraft:scale",
              "base": 0.55
            },
            {
              "id": "minecraft:max_health",
              "base": 15.0
            },
            {
              "id": "minecraft:attack_damage",
              "base": 3.0
            }
          ],
          "Health": 15.0
        }
      }
    }
  ],
  "loot_tables_to_eject": [
    {
      "weight": 1,
      "data": "bistro:chests/spawner/standard"
    }
  ]
}