{
  "total_mobs": 2,
  "simultaneous_mobs": 1,
  "total_mobs_added_per_player": 1,
  "simultaneous_mobs_added_per_player": 0.5,
  "spawn_potentials": [
    {
      "weight": 1,
      "data": {
        "entity": {
          "id": "minecraft:spider",
          "active_effects": [
            {
              "id": "minecraft:invisibility",
              "duration": 100,
              "show_particles": true,
              "amplifier": 0
            },
            {
              "id": "minecraft:fire_resistance",
              "duration": -1,
              "show_particles": false,
              "amplifier": 0
            }
          ],
          "attributes": [
            {
              "id": "minecraft:scale",
              "base": 1.5
            },
            {
              "id": "minecraft:max_health",
              "base": 30.0
            },
            {
              "id": "minecraft:attack_damage",
              "base": 4.0
            }
          ],
          "Health": 30.0
        }
      }
    }
  ],
  "loot_tables_to_eject": [
    {
      "weight": 1,
      "data": "bistro:chests/spawner/standard"
    }
  ]
}