{
  "total_mobs": 6,
  "simultaneous_mobs": 2,
  "total_mobs_added_per_player": 1.5,
  "simultaneous_mobs_added_per_player": 1,
  "spawn_potentials": [
    {
      "weight": 1,
      "data": {
        "entity": {
          "id": "minecraft:wither_skeleton",
          "equipment": {
            "offhand":{
              "id": "minecraft:tipped_arrow",
              "count": 64,
              "components": {
                "minecraft:potion_contents": {
                  "custom_effects": [
                    {
                      "id": "minecraft:slowness",
                      "duration": 200,
                      "show_particles": true,
                      "amplifier": 1,
                      "show_icon": true
                    }
                  ]
                }
              }
            }
          },
          "drop_chances": {
            "offhand": 0.0
          }
        },
        "equipment": {
          "loot_table": "bistro:equipment/wither_skeleton",
          "slot_drop_chances": 0.0
        }
      }
    }
  ],
  "loot_tables_to_eject": [
    {
      "weight": 1,
      "data": "bistro:chests/spawner/ominous"
    }
  ]
}