{
  "total_mobs": 6,
  "simultaneous_mobs": 2.5,
  "total_mobs_added_per_player": 2.5,
  "simultaneous_mobs_added_per_player": 1.5,
  "spawn_potentials": [
    {
      "weight": 1,
      "data": {
        "entity": {
          "id": "minecraft:zombie",
          "Tags": [
            "bistro.entity",
            "bistro.ticking",
            "bistro.ice_zombie",
            "bistro.ominous",
            "smithed.entity",
            "smithed.strict"
          ],
          "IsBaby": false,
          "equipment": {
            "head": {
              "id": "minecraft:ice",
              "count": 1
            }
          },
          "drop_chances": {
            "head": 0.0
          }
        }
      }
    }
  ],
  "loot_tables_to_eject": [
    {
      "weight": 1,
      "data": "bistro:chests/spawner/ominous"
    }
  ]
}