{
    "structures": [
        {
            "structure": "minecraft:stronghold",
            "weight": 1
        },
        {
            "structure": "bistro:desert_stronghold",
            "weight": 1
        },
        {
            "structure": "bistro:ocean_stronghold",
            "weight": 1
        },
        {
            "structure": "bistro:jungle_stronghold",
            "weight": 1
        },
        {
            "structure": "bistro:ice_stronghold",
            "weight": 1
        }
    ],
    "placement": {
        "type": "minecraft:concentric_rings",
        "salt": 0,
        "distance": 32,
        "spread": 3,
        "count": 128,
        "preferred_biomes": "#minecraft:stronghold_biased_to"
    }
}