{
  "fallback": "minecraft:empty",
  "elements": [
    {
      "weight": 50,
      "element": {
        "element_type": "minecraft:single_pool_element",
        "projection": "rigid",
        "location": "bistro:ice/room/portal",
        "processors": "bistro:ice/end_portal"
      }
    },
    {
      "weight": 1,
      "element": {
        "element_type": "minecraft:list_pool_element",
        "projection": "rigid",
        "elements": [
          {
            "element_type": "minecraft:single_pool_element",
            "projection": "rigid",
            "location": "bistro:ice/jigsaws/downward_stair/t1_s1",
            "processors": "bistro:ice/ice_decay"
          },
          {
            "element_type": "minecraft:single_pool_element",
            "projection": "rigid",
            "location": "bistro:ice/corridor/downward_stair",
            "processors": "bistro:ice/ice_decay"
          }
        ]
      }
    },
    {
      "weight": 1,
      "element": {
        "element_type": "minecraft:list_pool_element",
        "projection": "rigid",
        "elements": [
          {
            "element_type": "minecraft:single_pool_element",
            "projection": "rigid",
            "location": "bistro:ice/jigsaws/left_stair/t1_s1",
            "processors": "bistro:ice/ice_decay"
          },
          {
            "element_type": "minecraft:single_pool_element",
            "projection": "rigid",
            "location": "bistro:ice/corridor/downward_stair_left",
            "processors": "bistro:ice/ice_decay"
          }
        ]
      }
    },
    {
      "weight": 1,
      "element": {
        "element_type": "minecraft:list_pool_element",
        "projection": "rigid",
        "elements": [
          {
            "element_type": "minecraft:single_pool_element",
            "projection": "rigid",
            "location": "bistro:ice/jigsaws/right_stair/t1_s1",
            "processors": "bistro:ice/ice_decay"
          },
          {
            "element_type": "minecraft:single_pool_element",
            "projection": "rigid",
            "location": "bistro:ice/corridor/downward_stair_right",
            "processors": "bistro:ice/ice_decay"
          }
        ]
      }
    }
  ]
}