{
    "fallback": "bistro:ice/fallback",
    "elements": [
      {
        "weight": 1,
        "element": {
          "element_type": "minecraft:single_pool_element",
          "projection": "rigid",
          "location": "bistro:ice/doorway",
          "processors": "bistro:ice/ice_decay"
        }
      },
      {
        "weight": 6,
        "element": {
          "element_type": "minecraft:single_pool_element",
          "projection": "rigid",
          "location": "bistro:ice/jigsaws/corridor/basic_room",
          "processors": "bistro:ice/ice_decay"
        }
      },
      {
        "weight": 3,
        "element": {
          "element_type": "minecraft:single_pool_element",
          "projection": "rigid",
          "location": "bistro:ice/room/library",
          "processors": "bistro:ice/library"
        }
      },
      {
        "weight": 2,
        "element": {
          "element_type": "minecraft:single_pool_element",
          "projection": "rigid",
          "location": "bistro:ice/room/nether_portal",
          "processors": "bistro:ice/ice_decay"
        }
      },
      {
        "weight": 2,
        "element": {
          "element_type": "minecraft:single_pool_element",
          "projection": "rigid",
          "location": "bistro:ice/room/treasure",
          "processors": "bistro:ice/ice_decay"
        }
      },
      {
        "weight": 4,
        "element": {
          "element_type": "minecraft:single_pool_element",
          "projection": "rigid",
          "location": "bistro:ice/room/sleeping_quarters",
          "processors": "bistro:ice/ice_decay"
        }
      },
      {
        "weight": 9,
        "element": {
          "element_type": "minecraft:single_pool_element",
          "projection": "rigid",
          "location": "bistro:ice/jigsaws/corridor/basic_room",
          "processors": "bistro:ice/ice_decay"
        }
      },
      {
        "weight": 9,
        "element": {
          "element_type": "minecraft:single_pool_element",
          "projection": "rigid",
          "location": "bistro:ice/room/spawner",
          "processors": "bistro:ice/ice_decay"
        }
      },
      {
        "weight": 8,
        "element": {
          "element_type": "minecraft:single_pool_element",
          "projection": "rigid",
          "location": "bistro:ice/room/loot",
          "processors": "bistro:ice/ice_decay"
        }
      },
      {
        "weight": 8,
        "element": {
          "element_type": "minecraft:single_pool_element",
          "projection": "rigid",
          "location": "bistro:ice/room/prison_cell",
          "processors": "bistro:ice/ice_decay"
        }
      },
      {
        "weight": 6,
        "element": {
          "element_type": "minecraft:single_pool_element",
          "projection": "rigid",
          "location": "bistro:ice/room/prison_treasure",
          "processors": "bistro:ice/ice_decay"
        }
      },
      {
        "weight": 8,
        "element": {
          "element_type": "minecraft:single_pool_element",
          "projection": "rigid",
          "location": "bistro:ice/room/throne",
          "processors": "bistro:ice/ice_decay"
        }
      },
      {
        "weight": 11,
        "element": {
          "element_type": "minecraft:single_pool_element",
          "projection": "rigid",
          "location": "bistro:ice/room/crypt",
          "processors": "bistro:ice/ice_decay"
        }
      },
      {
        "weight": 10,
        "element": {
          "element_type": "minecraft:single_pool_element",
          "projection": "rigid",
          "location": "bistro:ice/room/powder_snow",
          "processors": "bistro:ice/ice_decay"
        }
      },
      {
        "weight": 9,
        "element": {
          "element_type": "minecraft:single_pool_element",
          "projection": "rigid",
          "location": "bistro:ice/room/garden",
          "processors": "bistro:ice/ice_decay"
        }
      },
      {
        "weight": 9,
        "element": {
          "element_type": "minecraft:single_pool_element",
          "projection": "rigid",
          "location": "bistro:ice/room/sarcophagus",
          "processors": "bistro:ice/ice_decay"
        }
      },
      {
        "weight": 10,
        "element": {
          "element_type": "minecraft:single_pool_element",
          "projection": "rigid",
          "location": "bistro:ice/room/vaults",
          "processors": "bistro:ice/ice_decay"
        }
      },
      {
        "weight": 11,
        "element": {
          "element_type": "minecraft:single_pool_element",
          "projection": "rigid",
          "location": "bistro:ice/room/dining_hall",
          "processors": "bistro:ice/ice_decay"
        }
      }
    ]
  }
  