{
    "fallback": "bistro:ice/room",
    "elements": [
      {
        "weight": 3,
        "element": {
          "element_type": "minecraft:single_pool_element",
          "projection": "rigid",
          "location": "bistro:ice/room/library",
          "processors": "bistro:ice/library"
        }
      },
      {
        "weight": 2,
        "element": {
          "element_type": "minecraft:single_pool_element",
          "projection": "rigid",
          "location": "bistro:ice/room/nether_portal",
          "processors": "bistro:ice/ice_decay"
        }
      },
      {
        "weight": 2,
        "element": {
          "element_type": "minecraft:single_pool_element",
          "projection": "rigid",
          "location": "bistro:ice/room/treasure",
          "processors": "bistro:ice/ice_decay"
        }
      },
      {
        "weight": 4,
        "element": {
          "element_type": "minecraft:single_pool_element",
          "projection": "rigid",
          "location": "bistro:ice/room/sleeping_quarters",
          "processors": "bistro:ice/ice_decay"
        }
      }
    ]
  }
  